SELECT USER
FROM DUAL;
--==>> HR

--■■■ 팀 별 실습 수행 과제 ■■■--
-- HR 스키마 ERD를 이용한 테이블 재구성~!!!
-- 팀별로 HR 스키마에 있는 기본 테이블(7개)
-- COUNTRIES / DEPARTMENTS / EMPLOYEES / JOB_HISTORY / JOBS / LOCATIONS / REGIONS
-- 을 똑같이 새로 구성한다

-- 단, 생성하는 테이블 이름은 '테이블명+팀번호' 
-- 1팀 : COUNTRIES1 / DEPARTMENTS1 / EMPLOYEES1 / JOB_HISTORY1 / JOBS1 / LOCATIONS1 / REGIONS1

-- 1. 기존 대상 테이블들의 정보 수집
--    - 테이블구조 (컬럼이름(column_name 컬럼), 자료형(data_type 컬럼), DEFAULT 표현식(data_default 컬럼), NOT NULL(nullable 컬럼)) 확인

-- ▼ 조회구문 -----------------------------------------------------------------

-- DEFAULT 표현식 조회
--  SELECT *
--  FROM USER_TAB_COLUMNS
--  WHERE TABLE_NAME = '테이블명';

-- 테이블 구조확인
--  DESC 테이블명;

-- 조건이 있는 컬럼 조회
--  SELECT *
--  FROM VIEW_CONSTCHECK
--  WHERE TABLE_NAME IN ('COUNTRIES', 'DEPARTMENTS', 'EMPLOYEES', 'JOB_HISTORY', 'JOBS', 'LOCATIONS', 'REGIONS');

--  SELECT * 
--  FROM VIEW_CONSTCHECK
--  WHERE TABLE_NAME = '테이블명';

-- 2. 테이블 생성(컬럼 이름, 자료형, DEFAULT 표현식, NULL 등)
--     CREATE TABLE REGIONS 
--     (?
--      ....
--     );

-- 3. 제약조건 설정(PK, NN)
--    - PRIMARY KEY, CHECK, UNIQUE 제약 추가
--       ALTER TABLE REGIONS?
--       ADD CONSTRAINT 제약명(테이블명_컬럼명_제약종류)? ....;
--    - FOREIGN KEY 제약 추가 (ON DELETE CASCADE 옵션 확인)
--       ALTER TABLE REGIONS?
--       ADD CONSTRAINT ....;

-- 4. 시퀀스 체크 및 시퀀스 생성
--      SELECT * 
--      FROM USER_SEQUENCES 
--      WHERE SEQUENCE_NAME 
--      LIKE '%테이블명%';

--    시퀸스 검색(HR 내의 모든 시퀀스 검색)
        SELECT *
        FROM ALL_SEQUENCES
        WHERE SEQUENCE_OWNER = 'HR';
        --==>>
        /*
        DEPARTMENTS_SEQ : DEPARTMENT_ID
        EMPLOYEES_SEQ : EMPLOYEES_ID
        LOCATIONS_SEQ : LOCATIONS_ID
        */
        
--    시퀀스 생성 구문
--       CREATE SEQUENCE 시퀀스명   -- 기본적인 시퀀스 생성 구조
--       START WITH 1000                  -- 시작값
--       INCREMENT BY 100                 -- 증가값
--       MINVALUE 1                       -- 최소값
--       MAXVALUE 9900                    -- 최대값
--       NOCACHE;                         -- 캐시 사용 안함(없음)

-- 5. 작성 후 데이터 입력
--    INSERT INTO REGIONS (...) VALUES (...);
--    ...
--    COMMIT;

-- 6. 제출 항목
--    - 20220829_02_HR(1팀_팀과제).sql
--    - 수행 후기(1팀).txt
-- 7. 연습용 계정(team1~5, 1234) 추가. 뷰 생성 권한 추가.
-- 8. .SQL 파일 실행 테스트. 연습용 계정 로그인 후 테스트.
--     @d:\team1.sql
-- 9. 기존 테이블 정보 확인용 쿼리 작성 추가.? 연습용 계정 로그인 후 테스트.
--    - 테이블 데이터 확인
--      SELECT * 
--      FROM regions;
--    - 테이블구조 (컬럼이름, 자료형, DEFAULT 표현식, NOT NULL) 확인
--      SELECT * 
--      FROM USER_TAB_COLUMNS? ??? 
--      WHERE TABLE_NAME ='테이블명';
--    - 제약 조건 확인
--      SELECT * 
--      FROM CONSTRAINT_CHECK??? 
--      WHERE TABLE_NAME = '테이블명';


--------------------------------------------------------------------------------
-- ▼ JOBS1 구성 ---------------------------------------------------------------

-- 원본 테이블 컬럼 조회
DESC JOBS;

SELECT *
FROM VIEW_CONSTCHECK
WHERE TABLE_NAME = 'JOBS';

SELECT *
FROM USER_TAB_COLUMNS
WHERE TABLE_NAME = 'JOBS';

-- 테이블 구성
CREATE TABLE JOBS1
( JOB_ID        VARCHAR2(10)    -- PRIMARY KEY
, JOB_TITLE     VARCHAR2(35)    CONSTRAINT JOB1_TITLE_NN NOT NULL    -- NOT NULL
, MIN_SALARY    NUMBER(6)
, MAX_SALARY    NUMBER(6)
);
-- Table JOBS1이(가) 생성되었습니다.

-- 원본 데이터 조회
SELECT *
FROM JOBS;

-- 인서트 문
INSERT INTO JOBS1(JOB_ID, JOB_TITLE, MIN_SALARY, MAX_SALARY)
VALUES('AD_PRES', 'President', 20080, 40000);

INSERT INTO JOBS1(JOB_ID, JOB_TITLE, MIN_SALARY, MAX_SALARY)
VALUES('AD_VP', 'Administration Vice President', 15000, 30000);

INSERT INTO JOBS1(JOB_ID, JOB_TITLE, MIN_SALARY, MAX_SALARY)
VALUES('AD_ASST', 'Administration Assistant', 3000, 6000);

INSERT INTO JOBS1(JOB_ID, JOB_TITLE, MIN_SALARY, MAX_SALARY)
VALUES('FI_MGR', 'Finance Manager', 8200, 16000);

INSERT INTO JOBS1(JOB_ID, JOB_TITLE, MIN_SALARY, MAX_SALARY)
VALUES('FI_ACCOUNT', 'Accountant', 4200, 9000);

INSERT INTO JOBS1(JOB_ID, JOB_TITLE, MIN_SALARY, MAX_SALARY)
VALUES('AC_MGR', 'Accounting Manager', 8200, 16000);

INSERT INTO JOBS1(JOB_ID, JOB_TITLE, MIN_SALARY, MAX_SALARY)
VALUES('AC_ACCOUNT', 'Public Accountant', 4200, 9000);

INSERT INTO JOBS1(JOB_ID, JOB_TITLE, MIN_SALARY, MAX_SALARY)
VALUES('SA_MAN', 'Sales Manager', 10000, 20080);

INSERT INTO JOBS1(JOB_ID, JOB_TITLE, MIN_SALARY, MAX_SALARY)
VALUES('SA_REP', 'Sales Representative', 6000, 12008);

INSERT INTO JOBS1(JOB_ID, JOB_TITLE, MIN_SALARY, MAX_SALARY)
VALUES('PU_MAN', 'Purchasing Manager', 8000, 15000);

INSERT INTO JOBS1(JOB_ID, JOB_TITLE, MIN_SALARY, MAX_SALARY)
VALUES('PU_CLERK', 'Purchasing Clerk', 2500, 5500);

INSERT INTO JOBS1(JOB_ID, JOB_TITLE, MIN_SALARY, MAX_SALARY)
VALUES('ST_MAN', 'Stock Manager', 5500, 8500);

INSERT INTO JOBS1(JOB_ID, JOB_TITLE, MIN_SALARY, MAX_SALARY)
VALUES('ST_CLERK', 'Stock Clerk', 2008, 5000);

INSERT INTO JOBS1(JOB_ID, JOB_TITLE, MIN_SALARY, MAX_SALARY)
VALUES('SH_CLERK', 'Shipping Clerk', 2500, 5500);

INSERT INTO JOBS1(JOB_ID, JOB_TITLE, MIN_SALARY, MAX_SALARY)
VALUES('IT_PROG', 'Programmer', 4000, 10000);

INSERT INTO JOBS1(JOB_ID, JOB_TITLE, MIN_SALARY, MAX_SALARY)
VALUES('MK_MAN', 'Marketing Manager', 9000, 15000);

INSERT INTO JOBS1(JOB_ID, JOB_TITLE, MIN_SALARY, MAX_SALARY)
VALUES('MK_REP', 'Marketing Representative', 4000, 9000);

INSERT INTO JOBS1(JOB_ID, JOB_TITLE, MIN_SALARY, MAX_SALARY)
VALUES('HR_REP', 'Human Resources Representative', 4000, 9000);

INSERT INTO JOBS1(JOB_ID, JOB_TITLE, MIN_SALARY, MAX_SALARY)
VALUES('PR_REP', 'Public Relations Representative', 4500, 10500);

-- 제약조건 추가
ALTER TABLE JOBS1
ADD CONSTRAINT JOB1_ID_PK PRIMARY KEY(JOB_ID);
-- Table JOBS1이(가) 변경되었습니다.


--------------------------------------------------------------------------------
-- ▼ REGIONS1 구성 ------------------------------------------------------------

-- 원본 테이블 컬럼 조회
DESC REGIONS;

SELECT *
FROM VIEW_CONSTCHECK
WHERE TABLE_NAME = 'REGIONS';

-- 테이블 구성
CREATE TABLE REGIONS1
( REGION_ID       NUMBER           CONSTRAINT REGION1_ID_NN NOT NULL
, REGION_NAME     VARCHAR2(25)
);
-- Table REGIONS1이(가) 생성되었습니다.

-- 원본 데이터 조회
SELECT *
FROM REGIONS;

-- 인서트 문
INSERT INTO REGIONS1 (REGION_ID, REGION_NAME) VALUES (1, 'Europe');
INSERT INTO REGIONS1 (REGION_ID, REGION_NAME) VALUES (2, 'Americas');
INSERT INTO REGIONS1 (REGION_ID, REGION_NAME) VALUES (3, 'Asia');
INSERT INTO REGIONS1 (REGION_ID, REGION_NAME) VALUES (4, 'Middle East and Africa');

-- 제약 조건 추가
ALTER TABLE REGIONS1
ADD CONSTRAINT REG1_ID_PK PRIMARY KEY (REGION_ID);
--==>> Table REGIONS1이(가) 변경되었습니다.


--------------------------------------------------------------------------------
-- ▼ COUNTRIES1 구성 ----------------------------------------------------------

-- 원본 테이블 컬럼 조회
DESC COUNTRIES;

SELECT *
FROM VIEW_CONSTCHECK
WHERE TABLE_NAME = 'COUNTRIES';

SELECT *
FROM USER_TAB_COLUMNS
WHERE TABLE_NAME = 'COUNTRIES';

-- 테이블 구성
CREATE TABLE COUNTRIES1
( COUNTRY_ID        CHAR(2)         CONSTRAINT COUNTRY1_ID_NN NOT NULL
, COUNTRY_NAME      VARCHAR2(40)
, REGION_ID         NUMBER
);
-- Table COUNTRIES1이(가) 생성되었습니다.

-- 원본 데이터 조회
SELECT *
FROM COUNTRIES;

-- 인서트 문
INSERT INTO COUNTRIES1(COUNTRY_ID, COUNTRY_NAME, REGION_ID)
VALUES('AR', 'Argentina', 2);

INSERT INTO COUNTRIES1(COUNTRY_ID, COUNTRY_NAME, REGION_ID)
VALUES('AU', 'Australia', 3);

INSERT INTO COUNTRIES1(COUNTRY_ID, COUNTRY_NAME, REGION_ID)
VALUES('BE', 'Belgium', 1);

INSERT INTO COUNTRIES1(COUNTRY_ID, COUNTRY_NAME, REGION_ID)
VALUES('BR', 'Brazil', 2);

INSERT INTO COUNTRIES1(COUNTRY_ID, COUNTRY_NAME, REGION_ID)
VALUES('CA', 'Canada', 2);

INSERT INTO COUNTRIES1(COUNTRY_ID, COUNTRY_NAME, REGION_ID)
VALUES('CH', 'Switzerland', 1);

INSERT INTO COUNTRIES1(COUNTRY_ID, COUNTRY_NAME, REGION_ID)
VALUES('CN', 'China', 3);

INSERT INTO COUNTRIES1(COUNTRY_ID, COUNTRY_NAME, REGION_ID)
VALUES('DE', 'Germany', 1);

INSERT INTO COUNTRIES1(COUNTRY_ID, COUNTRY_NAME, REGION_ID)
VALUES('DK', 'Denmark', 1);

INSERT INTO COUNTRIES1(COUNTRY_ID, COUNTRY_NAME, REGION_ID)
VALUES('EG', 'Egypt', 4);

INSERT INTO COUNTRIES1(COUNTRY_ID, COUNTRY_NAME, REGION_ID)
VALUES('FR', 'France', 1);

INSERT INTO COUNTRIES1(COUNTRY_ID, COUNTRY_NAME, REGION_ID)
VALUES('IL', 'Israel', 4);

INSERT INTO COUNTRIES1(COUNTRY_ID, COUNTRY_NAME, REGION_ID)
VALUES('IN', 'India', 3);

INSERT INTO COUNTRIES1(COUNTRY_ID, COUNTRY_NAME, REGION_ID)
VALUES('IT', 'Italy', 1);

INSERT INTO COUNTRIES1(COUNTRY_ID, COUNTRY_NAME, REGION_ID)
VALUES('JP', 'Japan', 3);

INSERT INTO COUNTRIES1(COUNTRY_ID, COUNTRY_NAME, REGION_ID)
VALUES('KW', 'Kuwait', 4);

INSERT INTO COUNTRIES1(COUNTRY_ID, COUNTRY_NAME, REGION_ID)
VALUES('ML', 'Malaysia', 3);

INSERT INTO COUNTRIES1(COUNTRY_ID, COUNTRY_NAME, REGION_ID)
VALUES('MX', 'Mexico', 2);

INSERT INTO COUNTRIES1(COUNTRY_ID, COUNTRY_NAME, REGION_ID)
VALUES('NG', 'Nigeria', 4);

INSERT INTO COUNTRIES1(COUNTRY_ID, COUNTRY_NAME, REGION_ID)
VALUES('NL', 'Netherlands', 1);

INSERT INTO COUNTRIES1(COUNTRY_ID, COUNTRY_NAME, REGION_ID)
VALUES('SG', 'Singapore', 3);

INSERT INTO COUNTRIES1(COUNTRY_ID, COUNTRY_NAME, REGION_ID)
VALUES('UK', 'United Kingdom', 1);

INSERT INTO COUNTRIES1(COUNTRY_ID, COUNTRY_NAME, REGION_ID)
VALUES('US', 'United States of America', 2);

INSERT INTO COUNTRIES1(COUNTRY_ID, COUNTRY_NAME, REGION_ID)
VALUES('ZM', 'Zambia', 4);

INSERT INTO COUNTRIES1(COUNTRY_ID, COUNTRY_NAME, REGION_ID)
VALUES('ZW', 'Zimbabwe', 4);

-- 제약 조건 추가
ALTER TABLE COUNTRIES1
ADD ( CONSTRAINT COUNTRY1_C_ID_PK PRIMARY KEY (COUNTRY_ID) 
    , CONSTRAINT COUNTR1_REG_FK FOREIGN KEY(REGION_ID)
                        REFERENCES REGIONS1(REGION_ID) );
--==>> Table COUNTRIES1이(가) 변경되었습니다.


--------------------------------------------------------------------------------
-- ▼ LOCATIONS1 구성 ----------------------------------------------------------

-- 원본 테이블 컬럼 조회
DESC LOCATIONS;

SELECT *
FROM VIEW_CONSTCHECK
WHERE TABLE_NAME = 'LOCATIONS';

-- 테이블 구성
CREATE TABLE LOCATIONS1
( LOCATION_ID    NUMBER(4)    -- NOT NULL       -- P    LOC_ID_PK
, STREET_ADDRESS VARCHAR2(40)                  
, POSTAL_CODE    VARCHAR2(12) 
, CITY           VARCHAR2(30)   CONSTRAINT LOC1_CITY_NN NOT NULL
, STATE_PROVINCE VARCHAR2(25) 
, COUNTRY_ID     CHAR(2)                        -- R    LOC_C_ID_FK
);
-- Table LOCATIONS1이(가) 생성되었습니다.

-- 시퀸스 생성
CREATE SEQUENCE LOCATIONS1_SEQ       -- 기본적인 시퀀스 생성 구조
START WITH 1000                      -- 시작값
INCREMENT BY 100                     -- 증가값
MINVALUE 1                           -- 최소값
MAXVALUE 9900                        -- 최대값
NOCACHE;                             -- 캐시 사용 안함(없음)
-- Sequence LOCATIONS1_SEQ이(가) 생성되었습니다.

-- 원본 데이터 조회
SELECT *
FROM LOCATIONS;

-- 인서트 문
INSERT INTO LOCATIONS1(LOCATION_ID, STREET_ADDRESS, POSTAL_CODE, CITY, STATE_PROVINCE, COUNTRY_ID)
VALUES(LOCATIONS1_SEQ.NEXTVAL, '1297 Via Cola di Rie', '00989', 'Roma', NULL, 'IT');

INSERT INTO LOCATIONS1(LOCATION_ID, STREET_ADDRESS, POSTAL_CODE, CITY, STATE_PROVINCE, COUNTRY_ID)
VALUES(LOCATIONS1_SEQ.NEXTVAL, '93091 Calle della Testa', '10934', 'Venice', NULL, 'IT');

INSERT INTO LOCATIONS1(LOCATION_ID, STREET_ADDRESS, POSTAL_CODE, CITY, STATE_PROVINCE, COUNTRY_ID)
VALUES(LOCATIONS1_SEQ.NEXTVAL, '2017 Shinjuku-ku', '1689', 'Tokyo', 'Tokyo Prefecture', 'JP');

INSERT INTO LOCATIONS1(LOCATION_ID, STREET_ADDRESS, POSTAL_CODE, CITY, STATE_PROVINCE, COUNTRY_ID)
VALUES(LOCATIONS1_SEQ.NEXTVAL, '9450 Kamiya-cho', '6823', 'Hiroshima', NULL, 'JP');

INSERT INTO LOCATIONS1(LOCATION_ID, STREET_ADDRESS, POSTAL_CODE, CITY, STATE_PROVINCE, COUNTRY_ID)
VALUES(LOCATIONS1_SEQ.NEXTVAL, '2014 Jabberwocky Rd', '26192', 'Southlake', 'Texas', 'US');

INSERT INTO LOCATIONS1(LOCATION_ID, STREET_ADDRESS, POSTAL_CODE, CITY, STATE_PROVINCE, COUNTRY_ID)
VALUES(LOCATIONS1_SEQ.NEXTVAL, '2011 Interiors Blvd', '99236', 'South San Francisco', 'California', 'US');

INSERT INTO LOCATIONS1(LOCATION_ID, STREET_ADDRESS, POSTAL_CODE, CITY, STATE_PROVINCE, COUNTRY_ID)
VALUES(LOCATIONS1_SEQ.NEXTVAL, '2007 Zagora St', '50090', 'South Brunswick', 'New Jersey', 'US');

INSERT INTO LOCATIONS1(LOCATION_ID, STREET_ADDRESS, POSTAL_CODE, CITY, STATE_PROVINCE, COUNTRY_ID)
VALUES(LOCATIONS1_SEQ.NEXTVAL, '2004 Charade Rd', '98199', 'Seattle', 'Washington', 'US');

INSERT INTO LOCATIONS1(LOCATION_ID, STREET_ADDRESS, POSTAL_CODE, CITY, STATE_PROVINCE, COUNTRY_ID)
VALUES(LOCATIONS1_SEQ.NEXTVAL, '147 Spadina Ave', 'M5V 2L7', 'Toronto', 'Ontario', 'CA');

INSERT INTO LOCATIONS1(LOCATION_ID, STREET_ADDRESS, POSTAL_CODE, CITY, STATE_PROVINCE, COUNTRY_ID)
VALUES(LOCATIONS1_SEQ.NEXTVAL, '6092 Boxwood St', 'YSW 9T2', 'Whitehorse', 'Yukon', 'CA');

INSERT INTO LOCATIONS1(LOCATION_ID, STREET_ADDRESS, POSTAL_CODE, CITY, STATE_PROVINCE, COUNTRY_ID)
VALUES(LOCATIONS1_SEQ.NEXTVAL, '40-5-12 Laogianggen', '190518', 'Beijing', NULL, 'CN');

INSERT INTO LOCATIONS1(LOCATION_ID, STREET_ADDRESS, POSTAL_CODE, CITY, STATE_PROVINCE, COUNTRY_ID)
VALUES(LOCATIONS1_SEQ.NEXTVAL, '1298 Vileparle (E)', '490231', 'Bombay', 'Maharashtra', 'IN');

INSERT INTO LOCATIONS1(LOCATION_ID, STREET_ADDRESS, POSTAL_CODE, CITY, STATE_PROVINCE, COUNTRY_ID)
VALUES(LOCATIONS1_SEQ.NEXTVAL, '12-98 Victoria Street', '2901', 'Sydney', 'New South Wales', 'AU');

INSERT INTO LOCATIONS1(LOCATION_ID, STREET_ADDRESS, POSTAL_CODE, CITY, STATE_PROVINCE, COUNTRY_ID)
VALUES(LOCATIONS1_SEQ.NEXTVAL, '198 Clementi North', '540198', 'Singapore', NULL, 'SG');

INSERT INTO LOCATIONS1(LOCATION_ID, STREET_ADDRESS, POSTAL_CODE, CITY, STATE_PROVINCE, COUNTRY_ID)
VALUES(LOCATIONS1_SEQ.NEXTVAL, '8204 Arthur St', NULL, 'London', NULL, 'UK');

INSERT INTO LOCATIONS1(LOCATION_ID, STREET_ADDRESS, POSTAL_CODE, CITY, STATE_PROVINCE, COUNTRY_ID)
VALUES(LOCATIONS1_SEQ.NEXTVAL, 'Magdalen Centre, The Oxford Science Park', 'OX9 9ZB', 'Oxford', 'Oxford', 'UK');

INSERT INTO LOCATIONS1(LOCATION_ID, STREET_ADDRESS, POSTAL_CODE, CITY, STATE_PROVINCE, COUNTRY_ID)
VALUES(LOCATIONS1_SEQ.NEXTVAL, '9702 Chester Road', '09629850293', 'Stretford', 'Manchester', 'UK');

INSERT INTO LOCATIONS1(LOCATION_ID, STREET_ADDRESS, POSTAL_CODE, CITY, STATE_PROVINCE, COUNTRY_ID)
VALUES(LOCATIONS1_SEQ.NEXTVAL, 'Schwanthalerstr. 7031', '80925', 'Munich', 'Bavaria', 'DE');

INSERT INTO LOCATIONS1(LOCATION_ID, STREET_ADDRESS, POSTAL_CODE, CITY, STATE_PROVINCE, COUNTRY_ID)
VALUES(LOCATIONS1_SEQ.NEXTVAL, 'Rua Frei Caneca 1360 ', '01307-002', 'Sao Paulo', 'Sao Paulo', 'BR');

INSERT INTO LOCATIONS1(LOCATION_ID, STREET_ADDRESS, POSTAL_CODE, CITY, STATE_PROVINCE, COUNTRY_ID)
VALUES(LOCATIONS1_SEQ.NEXTVAL, '20 Rue des Corps-Saints', '1730', 'Geneva', 'Geneve', 'CH');

INSERT INTO LOCATIONS1(LOCATION_ID, STREET_ADDRESS, POSTAL_CODE, CITY, STATE_PROVINCE, COUNTRY_ID)
VALUES(LOCATIONS1_SEQ.NEXTVAL, 'Murtenstrasse 921', '3095', 'Bern', 'BE', 'CH');

INSERT INTO LOCATIONS1(LOCATION_ID, STREET_ADDRESS, POSTAL_CODE, CITY, STATE_PROVINCE, COUNTRY_ID)
VALUES(LOCATIONS1_SEQ.NEXTVAL, 'Pieter Breughelstraat 837', '3029SK', 'Utrecht', 'Utrecht', 'NL');

INSERT INTO LOCATIONS1(LOCATION_ID, STREET_ADDRESS, POSTAL_CODE, CITY, STATE_PROVINCE, COUNTRY_ID)
VALUES(LOCATIONS1_SEQ.NEXTVAL, 'Mariano Escobedo 9991', '11932', 'Mexico City', 'Distrito Federal,', 'MX');

-- 제약 조건 추가
ALTER TABLE LOCATIONS1
ADD ( CONSTRAINT LOC1_ID_PK PRIMARY KEY (LOCATION_ID) 
    , CONSTRAINT LOC1_C_ID_FK FOREIGN KEY(COUNTRY_ID)
                        REFERENCES COUNTRIES1(COUNTRY_ID) );
--==>> Table LOCATIONS1이(가) 변경되었습니다.

-- 커밋
COMMIT;
--> 커밋 완료.


--------------------------------------------------------------------------------
-- ▼ DEPARTMENTS1 구성 --------------------------------------------------------

-- 원본 테이블 컬럼 조회
DESC DEPARTMENTS;

SELECT *
FROM VIEW_CONSTCHECK
WHERE TABLE_NAME = 'DEPARTMENTS';

-- 테이블 구성
CREATE TABLE DEPARTMENTS1
( DEPARTMENT_ID     NUMBER(4)       
, DEPARTMENT_NAME   VARCHAR2(30)    CONSTRAINT DEPT1_NAME_NN NOT NULL
, MANAGER_ID        NUMBER(6)
, LOCATION_ID       NUMBER(4)
);
-- Table DEPARTMENTS1이(가) 생성되었습니다.

-- 시퀸스 생성
CREATE SEQUENCE DEPARTMENTS1_SEQ      -- 기본적인 시퀀스 생성 구조
START WITH 10                         -- 시작값
INCREMENT BY 10                       -- 증가값
MINVALUE 1                            -- 최소값
MAXVALUE 9900                         -- 최대값
NOCACHE;                              -- 캐시 사용 안함(없음)
-- Sequence DEPARTMENTS1_SEQ이(가) 생성되었습니다.

-- 원본 데이터 조회
SELECT *
FROM DEPARTMENTS;

-- 인서트 문
INSERT INTO DEPARTMENTS1 (DEPARTMENT_ID, DEPARTMENT_NAME, MANAGER_ID, LOCATION_ID) 
VALUES (DEPARTMENTS1_SEQ.NEXTVAL, 'Administration', 200, 1700);

INSERT INTO DEPARTMENTS1 (DEPARTMENT_ID, DEPARTMENT_NAME, MANAGER_ID, LOCATION_ID)
VALUES (DEPARTMENTS1_SEQ.NEXTVAL, 'Marketing', 201, 1800);

INSERT INTO DEPARTMENTS1 (DEPARTMENT_ID, DEPARTMENT_NAME, MANAGER_ID, LOCATION_ID) 
VALUES (DEPARTMENTS1_SEQ.NEXTVAL, 'Purchasing', 114, 1700);

INSERT INTO DEPARTMENTS1 (DEPARTMENT_ID, DEPARTMENT_NAME, MANAGER_ID, LOCATION_ID) 
VALUES (DEPARTMENTS1_SEQ.NEXTVAL, 'Human Resources', 203, 2400);

INSERT INTO DEPARTMENTS1 (DEPARTMENT_ID, DEPARTMENT_NAME, MANAGER_ID, LOCATION_ID) 
VALUES (DEPARTMENTS1_SEQ.NEXTVAL, 'Shipping', 121, 1500);

INSERT INTO DEPARTMENTS1 (DEPARTMENT_ID, DEPARTMENT_NAME, MANAGER_ID, LOCATION_ID) 
VALUES (DEPARTMENTS1_SEQ.NEXTVAL, 'IT', 103, 1400);

INSERT INTO DEPARTMENTS1 (DEPARTMENT_ID, DEPARTMENT_NAME, MANAGER_ID, LOCATION_ID) 
VALUES (DEPARTMENTS1_SEQ.NEXTVAL, 'Public Relations', 204, 2700);

INSERT INTO DEPARTMENTS1 (DEPARTMENT_ID, DEPARTMENT_NAME, MANAGER_ID, LOCATION_ID) 
VALUES (DEPARTMENTS1_SEQ.NEXTVAL, 'Sales', 145, 2500);

INSERT INTO DEPARTMENTS1 (DEPARTMENT_ID, DEPARTMENT_NAME, MANAGER_ID, LOCATION_ID) 
VALUES (DEPARTMENTS1_SEQ.NEXTVAL, 'Executive', 100, 1700);

INSERT INTO DEPARTMENTS1 (DEPARTMENT_ID, DEPARTMENT_NAME, MANAGER_ID, LOCATION_ID) 
VALUES (DEPARTMENTS1_SEQ.NEXTVAL, 'Finance', 108, 1700);

INSERT INTO DEPARTMENTS1 (DEPARTMENT_ID, DEPARTMENT_NAME, MANAGER_ID, LOCATION_ID) 
VALUES (DEPARTMENTS1_SEQ.NEXTVAL, 'Accounting', 205, 1700);

INSERT INTO DEPARTMENTS1 (DEPARTMENT_ID, DEPARTMENT_NAME, MANAGER_ID, LOCATION_ID) 
VALUES (DEPARTMENTS1_SEQ.NEXTVAL, 'Treasury', NULL, 1700);

INSERT INTO DEPARTMENTS1 (DEPARTMENT_ID, DEPARTMENT_NAME, MANAGER_ID, LOCATION_ID) 
VALUES (DEPARTMENTS1_SEQ.NEXTVAL, 'Corporate Tax', NULL, 1700);

INSERT INTO DEPARTMENTS1 (DEPARTMENT_ID, DEPARTMENT_NAME, MANAGER_ID, LOCATION_ID) 
VALUES (DEPARTMENTS1_SEQ.NEXTVAL, 'Control And Credit', NULL, 1700);

INSERT INTO DEPARTMENTS1 (DEPARTMENT_ID, DEPARTMENT_NAME, MANAGER_ID, LOCATION_ID) 
VALUES (DEPARTMENTS1_SEQ.NEXTVAL, 'Shareholder Services', NULL, 1700);

INSERT INTO DEPARTMENTS1 (DEPARTMENT_ID, DEPARTMENT_NAME, MANAGER_ID, LOCATION_ID) 
VALUES (DEPARTMENTS1_SEQ.NEXTVAL, 'Benefits', NULL, 1700);

INSERT INTO DEPARTMENTS1 (DEPARTMENT_ID, DEPARTMENT_NAME, MANAGER_ID, LOCATION_ID) 
VALUES (DEPARTMENTS1_SEQ.NEXTVAL, 'Manufacturing', NULL, 1700);

INSERT INTO DEPARTMENTS1 (DEPARTMENT_ID, DEPARTMENT_NAME, MANAGER_ID, LOCATION_ID) 
VALUES (DEPARTMENTS1_SEQ.NEXTVAL, 'Construction', NULL, 1700);

INSERT INTO DEPARTMENTS1 (DEPARTMENT_ID, DEPARTMENT_NAME, MANAGER_ID, LOCATION_ID)
VALUES (DEPARTMENTS1_SEQ.NEXTVAL, 'Contracting', NULL, 1700);

INSERT INTO DEPARTMENTS1 (DEPARTMENT_ID, DEPARTMENT_NAME, MANAGER_ID, LOCATION_ID)
VALUES (DEPARTMENTS1_SEQ.NEXTVAL, 'Operations', NULL, 1700);

INSERT INTO DEPARTMENTS1 (DEPARTMENT_ID, DEPARTMENT_NAME, MANAGER_ID, LOCATION_ID) 
VALUES (DEPARTMENTS1_SEQ.NEXTVAL, 'IT Support', NULL, 1700);

INSERT INTO DEPARTMENTS1 (DEPARTMENT_ID, DEPARTMENT_NAME, MANAGER_ID, LOCATION_ID) 
VALUES (DEPARTMENTS1_SEQ.NEXTVAL, 'NOC', NULL, 1700);

INSERT INTO DEPARTMENTS1 (DEPARTMENT_ID, DEPARTMENT_NAME, MANAGER_ID, LOCATION_ID) 
VALUES (DEPARTMENTS1_SEQ.NEXTVAL, 'IT Helpdesk', NULL, 1700);

INSERT INTO DEPARTMENTS1 (DEPARTMENT_ID, DEPARTMENT_NAME, MANAGER_ID, LOCATION_ID) 
VALUES (DEPARTMENTS1_SEQ.NEXTVAL, 'Government Sales', NULL, 1700);

INSERT INTO DEPARTMENTS1 (DEPARTMENT_ID, DEPARTMENT_NAME, MANAGER_ID, LOCATION_ID) 
VALUES (DEPARTMENTS1_SEQ.NEXTVAL, 'Retail Sales', NULL, 1700);

INSERT INTO DEPARTMENTS1 (DEPARTMENT_ID, DEPARTMENT_NAME, MANAGER_ID, LOCATION_ID) 
VALUES (DEPARTMENTS1_SEQ.NEXTVAL, 'Recruiting', NULL, 1700);

INSERT INTO DEPARTMENTS1 (DEPARTMENT_ID, DEPARTMENT_NAME, MANAGER_ID, LOCATION_ID) 
VALUES (DEPARTMENTS1_SEQ.NEXTVAL, 'Payroll', NULL, 1700);

-- 제약 조건 추가
ALTER TABLE DEPARTMENTS1
ADD CONSTRAINT DEPT1_ID_PK PRIMARY KEY(DEPARTMENT_ID);
--==>> Table DEPARTMENTS1이(가) 변경되었습니다.

ALTER TABLE DEPARTMENTS1
ADD CONSTRAINT DEPT1_LOC_FK FOREIGN KEY(LOCATION_ID)
                    REFERENCES LOCATIONS1(LOCATION_ID);
--==>> Table DEPARTMENTS1이(가) 변경되었습니다.


--------------------------------------------------------------------------------
-- ▼ EMPLOYEES1 구성 ----------------------------------------------------------

-- 원본 테이블 컬럼 조회
DESC EMPLOYEES;

SELECT *
FROM VIEW_CONSTCHECK
WHERE TABLE_NAME = 'EMPLOYEES';

-- 테이블 구성
CREATE TABLE EMPLOYEES1
( EMPLOYEE_ID       NUMBER(6)                                                        -- PRIMARY KEY
, FIRST_NAME        VARCHAR2(20)
, LAST_NAME         VARCHAR2(25)    CONSTRAINT EMP1_LAST_NAME_NN NOT NULL            -- NOT NULL
, EMAIL             VARCHAR2(25)    CONSTRAINT EMP1_EMAIL_NN NOT NULL                -- NOT NULL
, PHONE_NUMBER      VARCHAR2(20)
, HIRE_DATE         DATE            CONSTRAINT EMP1_HIRE_DATE_NN NOT NULL            -- NOT NULL
, JOB_ID            VARCHAR2(10)    CONSTRAINT EMP1_JOB_NN NOT NULL                  -- NOT NULL / FOREIGN KEY
, SALARY            NUMBER(8,2)                                                      -- CHECK (0보다 크다)
, COMMISSION_PCT    NUMBER(2,2)
, MANAGER_ID        NUMBER(6)                                                        -- FOREIGN KEY
, DEPARTMENT_ID     NUMBER(4)                                                        -- FOREIGN KEY
, CONSTRAINT EMP1_SALARY_MIN CHECK(SALARY > 0)
, CONSTRAINT EMP1_EMAIL_UK UNIQUE(EMAIL)
);
-- [1차] 에러 발생 : ORA-02270: no matching unique or primary key for this column-list
-- [2차] Table EMPLOYEES1이(가) 생성되었습니다.

-- 시퀸스 생성
CREATE SEQUENCE EMPLOYEES1_SEQ         -- 기본적인 시퀀스 생성 구조
START WITH 100                         -- 시작값
INCREMENT BY 1                         -- 증가값
NOCACHE;                               -- 캐시 사용 안함(없음)
-- Sequence EMPLOYEES1_SEQ이(가) 생성되었습니다.

-- 원본 데이터 조회
SELECT *
FROM EMPLOYEES;

-- 인서트 문
INSERT INTO EMPLOYEES1(EMPLOYEE_ID, FIRST_NAME, LAST_NAME, EMAIL, PHONE_NUMBER,HIRE_DATE, JOB_ID, SALARY, COMMISSION_PCT, MANAGER_ID, DEPARTMENT_ID) 
VALUES(EMPLOYEES1_SEQ.NEXTVAL, 'Steven', 'King', 'SKING', '515.123.4567', TO_DATE('2003-06-17', 'YYYY-MM-DD'), 'AD_PRES', 24000, NULL, NULL, 90);

INSERT INTO EMPLOYEES1(EMPLOYEE_ID, FIRST_NAME, LAST_NAME, EMAIL, PHONE_NUMBER,HIRE_DATE, JOB_ID, SALARY, COMMISSION_PCT, MANAGER_ID, DEPARTMENT_ID) 
VALUES(EMPLOYEES1_SEQ.NEXTVAL, 'Neena', 'Kochhar', 'NKOCHHAR', '515.123.4568', TO_DATE('2005-09-21', 'YYYY-MM-DD'), 'AD_VP', 17000, NULL, 100, 90);

INSERT INTO EMPLOYEES1(EMPLOYEE_ID, FIRST_NAME, LAST_NAME, EMAIL, PHONE_NUMBER,HIRE_DATE, JOB_ID, SALARY, COMMISSION_PCT, MANAGER_ID, DEPARTMENT_ID) 
VALUES(EMPLOYEES1_SEQ.NEXTVAL, 'Lex', 'De Haan', 'LDEHAAN', '515.123.4569', TO_DATE('2001-01-13', 'YYYY-MM-DD'), 'AD_VP', 17000, NULL, 100, 90);

INSERT INTO EMPLOYEES1(EMPLOYEE_ID, FIRST_NAME, LAST_NAME, EMAIL, PHONE_NUMBER,HIRE_DATE, JOB_ID, SALARY, COMMISSION_PCT, MANAGER_ID, DEPARTMENT_ID) 
VALUES(EMPLOYEES1_SEQ.NEXTVAL, 'Alexander', 'Hunold', 'AHUNOLD', '590.423.4567', TO_DATE('2006-01-03', 'YYYY-MM-DD'), 'IT_PROG', 9000, NULL, 102, 60);

INSERT INTO EMPLOYEES1(EMPLOYEE_ID, FIRST_NAME, LAST_NAME, EMAIL, PHONE_NUMBER,HIRE_DATE, JOB_ID, SALARY, COMMISSION_PCT, MANAGER_ID, DEPARTMENT_ID) 
VALUES(EMPLOYEES1_SEQ.NEXTVAL, 'Bruce', 'Ernst', 'BERNST', '590.423.4568', TO_DATE('2007-05-21', 'YYYY-MM-DD'), 'IT_PROG', 6000, NULL, 103, 60);

INSERT INTO EMPLOYEES1(EMPLOYEE_ID, FIRST_NAME, LAST_NAME, EMAIL, PHONE_NUMBER,HIRE_DATE, JOB_ID, SALARY, COMMISSION_PCT, MANAGER_ID, DEPARTMENT_ID) 
VALUES(EMPLOYEES1_SEQ.NEXTVAL, 'David', 'Austin', 'DAUSTIN', '590.423.4569', TO_DATE('2005-06-25', 'YYYY-MM-DD'), 'IT_PROG', 4800, NULL, 103, 60);

INSERT INTO EMPLOYEES1(EMPLOYEE_ID, FIRST_NAME, LAST_NAME, EMAIL, PHONE_NUMBER,HIRE_DATE, JOB_ID, SALARY, COMMISSION_PCT, MANAGER_ID, DEPARTMENT_ID) 
VALUES(EMPLOYEES1_SEQ.NEXTVAL, 'Valli', 'Pataballa', 'VPATABAL', '590.423.4560', TO_DATE('2006-02-05', 'YYYY-MM-DD'), 'IT_PROG', 4800, NULL, 103, 60);

INSERT INTO EMPLOYEES1(EMPLOYEE_ID, FIRST_NAME, LAST_NAME, EMAIL, PHONE_NUMBER,HIRE_DATE, JOB_ID, SALARY, COMMISSION_PCT, MANAGER_ID, DEPARTMENT_ID) 
VALUES(EMPLOYEES1_SEQ.NEXTVAL, 'Diana', 'Lorentz', 'DLORENTZ', '590.423.5567', TO_DATE('2007-02-07', 'YYYY-MM-DD'), 'IT_PROG', 4200, NULL, 103, 60);

INSERT INTO EMPLOYEES1(EMPLOYEE_ID, FIRST_NAME, LAST_NAME, EMAIL, PHONE_NUMBER,HIRE_DATE, JOB_ID, SALARY, COMMISSION_PCT, MANAGER_ID, DEPARTMENT_ID) 
VALUES(EMPLOYEES1_SEQ.NEXTVAL, 'Nancy', 'Greenberg', 'NGREENBE', '515.124.4569', TO_DATE('2002-08-17', 'YYYY-MM-DD'), 'FI_MGR', 12008, NULL, 101, 100);

INSERT INTO EMPLOYEES1(EMPLOYEE_ID, FIRST_NAME, LAST_NAME, EMAIL, PHONE_NUMBER,HIRE_DATE, JOB_ID, SALARY, COMMISSION_PCT, MANAGER_ID, DEPARTMENT_ID) 
VALUES(EMPLOYEES1_SEQ.NEXTVAL, 'Daniel', 'Daniel', 'DFAVIET', '515.124.4169', TO_DATE('2002-08-16', 'YYYY-MM-DD'), 'FI_ACCOUNT', 9000, NULL, 108, 100);

INSERT INTO EMPLOYEES1(EMPLOYEE_ID, FIRST_NAME, LAST_NAME, EMAIL, PHONE_NUMBER,HIRE_DATE, JOB_ID, SALARY, COMMISSION_PCT, MANAGER_ID, DEPARTMENT_ID) 
VALUES(EMPLOYEES1_SEQ.NEXTVAL, 'John', 'Chen', 'JCHEN', '515.124.4269', TO_DATE('2005-09-28', 'YYYY-MM-DD'), 'FI_ACCOUNT', 8200, NULL, 108, 100);

INSERT INTO EMPLOYEES1(EMPLOYEE_ID, FIRST_NAME, LAST_NAME, EMAIL, PHONE_NUMBER,HIRE_DATE, JOB_ID, SALARY, COMMISSION_PCT, MANAGER_ID, DEPARTMENT_ID) 
VALUES(EMPLOYEES1_SEQ.NEXTVAL, 'Ismael', 'Sciarra', 'ISCIARRA', '515.124.4369', TO_DATE('2005-09-30', 'YYYY-MM-DD'), 'FI_ACCOUNT', 7700, NULL, 108, 100);

INSERT INTO EMPLOYEES1(EMPLOYEE_ID, FIRST_NAME, LAST_NAME, EMAIL, PHONE_NUMBER,HIRE_DATE, JOB_ID, SALARY, COMMISSION_PCT, MANAGER_ID, DEPARTMENT_ID) 
VALUES(EMPLOYEES1_SEQ.NEXTVAL, 'Jose Manuel', 'Urman', 'JMURMAN', '515.124.4469', TO_DATE('2006-03-07', 'YYYY-MM-DD'), 'FI_ACCOUNT', 7800, NULL, 108, 100);

INSERT INTO EMPLOYEES1(EMPLOYEE_ID, FIRST_NAME, LAST_NAME, EMAIL, PHONE_NUMBER,HIRE_DATE, JOB_ID, SALARY, COMMISSION_PCT, MANAGER_ID, DEPARTMENT_ID) 
VALUES(EMPLOYEES1_SEQ.NEXTVAL, 'Luis', 'Popp', 'LPOPP', '515.124.4567', TO_DATE('2007-12-07', 'YYYY-MM-DD'), 'FI_ACCOUNT', 6900, NULL, 108, 100);

INSERT INTO EMPLOYEES1(EMPLOYEE_ID, FIRST_NAME, LAST_NAME, EMAIL, PHONE_NUMBER,HIRE_DATE, JOB_ID, SALARY, COMMISSION_PCT, MANAGER_ID, DEPARTMENT_ID) 
VALUES(EMPLOYEES1_SEQ.NEXTVAL, 'Den', 'Raphaely', 'DRAPHEAL', '515.127.4561', TO_DATE('2002-12-07', 'YYYY-MM-DD'), 'PU_MAN', 11000, NULL, 100, 30);

INSERT INTO EMPLOYEES1(EMPLOYEE_ID, FIRST_NAME, LAST_NAME, EMAIL, PHONE_NUMBER,HIRE_DATE, JOB_ID, SALARY, COMMISSION_PCT, MANAGER_ID, DEPARTMENT_ID) 
VALUES(EMPLOYEES1_SEQ.NEXTVAL, 'Alexander', 'Khoo', 'AKHOO', '515.127.4562', TO_DATE('2003-05-18', 'YYYY-MM-DD'), 'PU_CLERK', 3100, NULL, 114, 30);

INSERT INTO EMPLOYEES1(EMPLOYEE_ID, FIRST_NAME, LAST_NAME, EMAIL, PHONE_NUMBER,HIRE_DATE, JOB_ID, SALARY, COMMISSION_PCT, MANAGER_ID, DEPARTMENT_ID) 
VALUES(EMPLOYEES1_SEQ.NEXTVAL, 'Shelli', 'Baida', 'SBAIDA', '515.127.4563', TO_DATE('2005-12-24', 'YYYY-MM-DD'), 'PU_CLERK', 2900, NULL, 114, 30);

INSERT INTO EMPLOYEES1(EMPLOYEE_ID, FIRST_NAME, LAST_NAME, EMAIL, PHONE_NUMBER,HIRE_DATE, JOB_ID, SALARY, COMMISSION_PCT, MANAGER_ID, DEPARTMENT_ID) 
VALUES(EMPLOYEES1_SEQ.NEXTVAL, 'Sigal', 'Tobias', 'STOBIAS', '515.127.4564', TO_DATE('2005-07-24', 'YYYY-MM-DD'), 'PU_CLERK', 2800, NULL, 114, 30);

INSERT INTO EMPLOYEES1(EMPLOYEE_ID, FIRST_NAME, LAST_NAME, EMAIL, PHONE_NUMBER,HIRE_DATE, JOB_ID, SALARY, COMMISSION_PCT, MANAGER_ID, DEPARTMENT_ID) 
VALUES(EMPLOYEES1_SEQ.NEXTVAL, 'Guy', 'Himuro', 'GHIMURO', '515.127.4565', TO_DATE('2006-11-15', 'YYYY-MM-DD'), 'PU_CLERK', 2600, NULL, 114, 30);

INSERT INTO EMPLOYEES1(EMPLOYEE_ID, FIRST_NAME, LAST_NAME, EMAIL, PHONE_NUMBER,HIRE_DATE, JOB_ID, SALARY, COMMISSION_PCT, MANAGER_ID, DEPARTMENT_ID) 
VALUES(EMPLOYEES1_SEQ.NEXTVAL, 'Karen', 'Colmenares', 'KCOLMENA', '515.127.4566', TO_DATE('2007-08-10', 'YYYY-MM-DD'), 'PU_CLERK', 2500, NULL, 114, 30);

INSERT INTO EMPLOYEES1(EMPLOYEE_ID, FIRST_NAME, LAST_NAME, EMAIL, PHONE_NUMBER,HIRE_DATE, JOB_ID, SALARY, COMMISSION_PCT, MANAGER_ID, DEPARTMENT_ID) 
VALUES(EMPLOYEES1_SEQ.NEXTVAL, 'Matthew', 'Weiss', 'MWEISS', '650.123.1234', TO_DATE('2004-07-18', 'YYYY-MM-DD'), 'ST_MAN', 8000, NULL, 100, 50);

INSERT INTO EMPLOYEES1(EMPLOYEE_ID, FIRST_NAME, LAST_NAME, EMAIL, PHONE_NUMBER,HIRE_DATE, JOB_ID, SALARY, COMMISSION_PCT, MANAGER_ID, DEPARTMENT_ID) 
VALUES(EMPLOYEES1_SEQ.NEXTVAL, 'Adam', 'Fripp', 'AFRIPP', '650.123.2234', TO_DATE('2005-04-10', 'YYYY-MM-DD'), 'ST_MAN', 8200, NULL, 100, 50);

INSERT INTO EMPLOYEES1(EMPLOYEE_ID, FIRST_NAME, LAST_NAME, EMAIL, PHONE_NUMBER,HIRE_DATE, JOB_ID, SALARY, COMMISSION_PCT, MANAGER_ID, DEPARTMENT_ID) 
VALUES(EMPLOYEES1_SEQ.NEXTVAL, 'Payam', 'Kaufling', 'PKAUFLIN', '650.123.3234', TO_DATE('2003-05-01', 'YYYY-MM-DD'), 'ST_MAN', 7900, NULL, 100, 50);

INSERT INTO EMPLOYEES1(EMPLOYEE_ID, FIRST_NAME, LAST_NAME, EMAIL, PHONE_NUMBER,HIRE_DATE, JOB_ID, SALARY, COMMISSION_PCT, MANAGER_ID, DEPARTMENT_ID) 
VALUES(EMPLOYEES1_SEQ.NEXTVAL, 'Shanta', 'Vollman', 'SVOLLMAN', '650.123.4234', TO_DATE('2005-10-10', 'YYYY-MM-DD'), 'ST_MAN', 6500, NULL, 100, 90);

INSERT INTO EMPLOYEES1(EMPLOYEE_ID, FIRST_NAME, LAST_NAME, EMAIL, PHONE_NUMBER,HIRE_DATE, JOB_ID, SALARY, COMMISSION_PCT, MANAGER_ID, DEPARTMENT_ID) 
VALUES(EMPLOYEES1_SEQ.NEXTVAL, 'Kevin', 'Mourgos', 'KMOURGOS', '650.123.5234', TO_DATE('2007-11-16', 'YYYY-MM-DD'), 'ST_MAN', 5800, NULL, 100, 50);

INSERT INTO EMPLOYEES1(EMPLOYEE_ID, FIRST_NAME, LAST_NAME, EMAIL, PHONE_NUMBER,HIRE_DATE, JOB_ID, SALARY, COMMISSION_PCT, MANAGER_ID, DEPARTMENT_ID) 
VALUES(EMPLOYEES1_SEQ.NEXTVAL, 'Julia', 'Nayer', 'JNAYER', '650.124.1214', TO_DATE('2005-07-16', 'YYYY-MM-DD'), 'ST_CLERK', 3200, NULL, 120, 50);

INSERT INTO EMPLOYEES1(EMPLOYEE_ID, FIRST_NAME, LAST_NAME, EMAIL, PHONE_NUMBER,HIRE_DATE, JOB_ID, SALARY, COMMISSION_PCT, MANAGER_ID, DEPARTMENT_ID) 
VALUES(EMPLOYEES1_SEQ.NEXTVAL, 'Irene', 'Mikkilineni', 'IMIKKILI', '650.124.1224', TO_DATE('2006-09-28', 'YYYY-MM-DD'), 'ST_CLERK', 2700, NULL, 120, 50);

INSERT INTO EMPLOYEES1(EMPLOYEE_ID, FIRST_NAME, LAST_NAME, EMAIL, PHONE_NUMBER,HIRE_DATE, JOB_ID, SALARY, COMMISSION_PCT, MANAGER_ID, DEPARTMENT_ID)
VALUES(EMPLOYEES1_SEQ.NEXTVAL, 'James', 'Landry', 'JLANDRY', '650.124.1334', TO_DATE('2007-01-14', 'YYYY-MM-DD'), 'ST_CLERK',  2400, NULL, 120, 50);

INSERT INTO EMPLOYEES1(EMPLOYEE_ID, FIRST_NAME, LAST_NAME, EMAIL, PHONE_NUMBER,HIRE_DATE, JOB_ID, SALARY, COMMISSION_PCT, MANAGER_ID, DEPARTMENT_ID)
VALUES(EMPLOYEES1_SEQ.NEXTVAL, 'Steven', 'Markle', 'SMARKLE', '650.124.1434', TO_DATE('2008-03-08', 'YYYY-MM-DD'), 'ST_CLERK',  2200, NULL, 120, 50);

INSERT INTO EMPLOYEES1(EMPLOYEE_ID, FIRST_NAME, LAST_NAME, EMAIL, PHONE_NUMBER,HIRE_DATE, JOB_ID, SALARY, COMMISSION_PCT, MANAGER_ID, DEPARTMENT_ID)
VALUES(EMPLOYEES1_SEQ.NEXTVAL, 'Laura', 'Bissot', 'LBISSOT', '650.124.5234', TO_DATE('2005-08-20', 'YYYY-MM-DD'), 'ST_CLERK',  3300, NULL, 121, 50);

INSERT INTO EMPLOYEES1(EMPLOYEE_ID, FIRST_NAME, LAST_NAME, EMAIL, PHONE_NUMBER,HIRE_DATE, JOB_ID, SALARY, COMMISSION_PCT, MANAGER_ID, DEPARTMENT_ID)
VALUES(EMPLOYEES1_SEQ.NEXTVAL, 'Mozhe', 'Atkinson', 'MATKINSO', '650.124.6234', TO_DATE('2005-10-30', 'YYYY-MM-DD'), 'ST_CLERK',  2800, NULL, 121, 50);

INSERT INTO EMPLOYEES1(EMPLOYEE_ID, FIRST_NAME, LAST_NAME, EMAIL, PHONE_NUMBER,HIRE_DATE, JOB_ID, SALARY, COMMISSION_PCT, MANAGER_ID, DEPARTMENT_ID)
VALUES(EMPLOYEES1_SEQ.NEXTVAL, 'James', 'Marlow', 'JAMRLOW', '650.124.7234', TO_DATE('2005-02-16', 'YYYY-MM-DD'), 'ST_CLERK',  2500, NULL, 121, 50);

INSERT INTO EMPLOYEES1(EMPLOYEE_ID, FIRST_NAME, LAST_NAME, EMAIL, PHONE_NUMBER,HIRE_DATE, JOB_ID, SALARY, COMMISSION_PCT, MANAGER_ID, DEPARTMENT_ID)
VALUES(EMPLOYEES1_SEQ.NEXTVAL, 'TJ', 'Olson', 'TJOLSON', '650.124.8234', TO_DATE('2007-04-10', 'YYYY-MM-DD'), 'ST_CLERK',  2100, NULL, 121, 50);

INSERT INTO EMPLOYEES1(EMPLOYEE_ID, FIRST_NAME, LAST_NAME, EMAIL, PHONE_NUMBER,HIRE_DATE, JOB_ID, SALARY, COMMISSION_PCT, MANAGER_ID, DEPARTMENT_ID)
VALUES(EMPLOYEES1_SEQ.NEXTVAL, 'Jason', 'Mallin', 'JMALLIN', '650.127.1934', TO_DATE('2004-06-14', 'YYYY-MM-DD'), 'ST_CLERK',  3300, NULL, 122, 50);

INSERT INTO EMPLOYEES1(EMPLOYEE_ID, FIRST_NAME, LAST_NAME, EMAIL, PHONE_NUMBER,HIRE_DATE, JOB_ID, SALARY, COMMISSION_PCT, MANAGER_ID, DEPARTMENT_ID)
VALUES(EMPLOYEES1_SEQ.NEXTVAL, 'Michael', 'Rogers', 'MROGERS', '650.127.1834', TO_DATE('2006-08-26', 'YYYY-MM-DD'), 'ST_CLERK',  2900, NULL, 122, 50);

INSERT INTO EMPLOYEES1(EMPLOYEE_ID, FIRST_NAME, LAST_NAME, EMAIL, PHONE_NUMBER,HIRE_DATE, JOB_ID, SALARY, COMMISSION_PCT, MANAGER_ID, DEPARTMENT_ID)
VALUES(EMPLOYEES1_SEQ.NEXTVAL, 'Ki', 'Gee', 'KGEE', '650.127.1734', TO_DATE('2007-12-12', 'YYYY-MM-DD'), 'ST_CLERK',  2400, NULL, 122, 50);

INSERT INTO EMPLOYEES1(EMPLOYEE_ID, FIRST_NAME, LAST_NAME, EMAIL, PHONE_NUMBER,HIRE_DATE, JOB_ID, SALARY, COMMISSION_PCT, MANAGER_ID, DEPARTMENT_ID)
VALUES(EMPLOYEES1_SEQ.NEXTVAL, 'Hazel', 'Philtanker', 'HPHILTAN', '650.127.1634', TO_DATE('2008-02-06', 'YYYY-MM-DD'), 'ST_CLERK',  2200, NULL, 122, 50);

INSERT INTO EMPLOYEES1(EMPLOYEE_ID, FIRST_NAME, LAST_NAME, EMAIL, PHONE_NUMBER,HIRE_DATE, JOB_ID, SALARY, COMMISSION_PCT, MANAGER_ID, DEPARTMENT_ID)
VALUES(EMPLOYEES1_SEQ.NEXTVAL, 'Renske', 'Ladwig', 'RLADWIG', '650.121.1234', TO_DATE('2003-07-14', 'YYYY-MM-DD'), 'ST_CLERK',  3600, NULL, 122, 50);

INSERT INTO EMPLOYEES1(EMPLOYEE_ID, FIRST_NAME, LAST_NAME, EMAIL, PHONE_NUMBER,HIRE_DATE, JOB_ID, SALARY, COMMISSION_PCT, MANAGER_ID, DEPARTMENT_ID)
VALUES(EMPLOYEES1_SEQ.NEXTVAL, 'Stephen', 'Stiles', 'SSTILES', '650.121.2034', TO_DATE('2005-10-26', 'YYYY-MM-DD'), 'ST_CLERK',  3200, NULL, 123, 50);

INSERT INTO EMPLOYEES1(EMPLOYEE_ID, FIRST_NAME, LAST_NAME, EMAIL, PHONE_NUMBER,HIRE_DATE, JOB_ID, SALARY, COMMISSION_PCT, MANAGER_ID, DEPARTMENT_ID)
VALUES(EMPLOYEES1_SEQ.NEXTVAL, 'John', 'Seo', 'JSEO', '650.121.2019', TO_DATE('2006-02-12', 'YYYY-MM-DD'), 'ST_CLERK',  2700, NULL, 123, 50);

INSERT INTO EMPLOYEES1(EMPLOYEE_ID, FIRST_NAME, LAST_NAME, EMAIL, PHONE_NUMBER,HIRE_DATE, JOB_ID, SALARY, COMMISSION_PCT, MANAGER_ID, DEPARTMENT_ID)
VALUES(EMPLOYEES1_SEQ.NEXTVAL, 'Joshua', 'Patel', 'JPATEL', '650.121.1834', TO_DATE('2006-04-06', 'YYYY-MM-DD'), 'ST_CLERK',  2500, NULL, 123, 50);

INSERT INTO EMPLOYEES1(EMPLOYEE_ID, FIRST_NAME, LAST_NAME, EMAIL, PHONE_NUMBER,HIRE_DATE, JOB_ID, SALARY, COMMISSION_PCT, MANAGER_ID, DEPARTMENT_ID)
VALUES(EMPLOYEES1_SEQ.NEXTVAL, 'Trenna', 'Rajs', 'TRAJS', '650.121.8009', TO_DATE('2003-10-17', 'YYYY-MM-DD'), 'ST_CLERK',  3500, NULL, 124, 50);

INSERT INTO EMPLOYEES1(EMPLOYEE_ID, FIRST_NAME, LAST_NAME, EMAIL, PHONE_NUMBER,HIRE_DATE, JOB_ID, SALARY, COMMISSION_PCT, MANAGER_ID, DEPARTMENT_ID)
VALUES(EMPLOYEES1_SEQ.NEXTVAL, 'Curtis', 'Davies', 'CDAVIES', '650.121.2994', TO_DATE('2005-01-29', 'YYYY-MM-DD'), 'ST_CLERK',  3100, NULL, 124, 50);

INSERT INTO EMPLOYEES1(EMPLOYEE_ID, FIRST_NAME, LAST_NAME, EMAIL, PHONE_NUMBER,HIRE_DATE, JOB_ID, SALARY, COMMISSION_PCT, MANAGER_ID, DEPARTMENT_ID)
VALUES(EMPLOYEES1_SEQ.NEXTVAL, 'Randall', 'Matos', 'RMATOS', '650.121.2874', TO_DATE('2006-03-15', 'YYYY-MM-DD'), 'ST_CLERK',  2600, NULL, 124, 50);

INSERT INTO EMPLOYEES1(EMPLOYEE_ID, FIRST_NAME, LAST_NAME, EMAIL, PHONE_NUMBER,HIRE_DATE, JOB_ID, SALARY, COMMISSION_PCT, MANAGER_ID, DEPARTMENT_ID)
VALUES(EMPLOYEES1_SEQ.NEXTVAL, 'Peter', 'Vargas', 'PVARGAS', '650.121.2004', TO_DATE('2006-07-09', 'YYYY-MM-DD'), 'ST_CLERK',  2500, NULL, 124, 50);

INSERT INTO EMPLOYEES1(EMPLOYEE_ID, FIRST_NAME, LAST_NAME, EMAIL, PHONE_NUMBER,HIRE_DATE, JOB_ID, SALARY, COMMISSION_PCT, MANAGER_ID, DEPARTMENT_ID)
VALUES(EMPLOYEES1_SEQ.NEXTVAL, 'John', 'Russell', 'JRUSSEL', '011.44.1344.429268', TO_DATE('2004-10-01', 'YYYY-MM-DD'), 'SA_MAN',  14000, 0.4, 100, 80);

INSERT INTO EMPLOYEES1(EMPLOYEE_ID, FIRST_NAME, LAST_NAME, EMAIL, PHONE_NUMBER,HIRE_DATE, JOB_ID, SALARY, COMMISSION_PCT, MANAGER_ID, DEPARTMENT_ID)
VALUES(EMPLOYEES1_SEQ.NEXTVAL, 'Karen', 'Partners', '   KPARTNER', '011.44.1344.467268', TO_DATE('2005-01-05', 'YYYY-MM-DD'), 'SA_MAN',  13500, 0.3, 100, 80);

INSERT INTO EMPLOYEES1(EMPLOYEE_ID, FIRST_NAME, LAST_NAME, EMAIL, PHONE_NUMBER,HIRE_DATE, JOB_ID, SALARY, COMMISSION_PCT, MANAGER_ID, DEPARTMENT_ID)
VALUES(EMPLOYEES1_SEQ.NEXTVAL, 'Alberto', 'Errazuriz', '   AERRAZUR   ', '011.44.1344.429278', TO_DATE('2005-03-10', 'YYYY-MM-DD'), 'SA_MAN',  12000, 0.3, 100, 80);

INSERT INTO EMPLOYEES1(EMPLOYEE_ID, FIRST_NAME, LAST_NAME, EMAIL, PHONE_NUMBER,HIRE_DATE, JOB_ID, SALARY, COMMISSION_PCT, MANAGER_ID, DEPARTMENT_ID)
VALUES(EMPLOYEES1_SEQ.NEXTVAL, 'Gerald', 'Cambrault', 'GCAMBRAU', '011.44.1344.619268', TO_DATE('2007-10-15', 'YYYY-MM-DD'), 'SA_MAN',  11000, 0.3, 100, 80);

INSERT INTO EMPLOYEES1(EMPLOYEE_ID, FIRST_NAME, LAST_NAME, EMAIL, PHONE_NUMBER,HIRE_DATE, JOB_ID, SALARY, COMMISSION_PCT, MANAGER_ID, DEPARTMENT_ID)
VALUES(EMPLOYEES1_SEQ.NEXTVAL, 'Eleni', 'Zlotkey', 'EZLOTKEY', '011.44.1344.429018', TO_DATE('2008-01-29', 'YYYY-MM-DD'), 'SA_MAN',  10500, 0.2, 100, 80);

INSERT INTO EMPLOYEES1(EMPLOYEE_ID, FIRST_NAME, LAST_NAME, EMAIL, PHONE_NUMBER,HIRE_DATE, JOB_ID, SALARY, COMMISSION_PCT, MANAGER_ID, DEPARTMENT_ID)
VALUES(EMPLOYEES1_SEQ.NEXTVAL, 'Peter', 'Tucker', 'PTUCKER', '011.44.1344.129268', TO_DATE('2005-01-30', 'YYYY-MM-DD'), 'SA_REP',  10000, 0.3, 145, 80);

INSERT INTO EMPLOYEES1(EMPLOYEE_ID, FIRST_NAME, LAST_NAME, EMAIL, PHONE_NUMBER,HIRE_DATE, JOB_ID, SALARY, COMMISSION_PCT, MANAGER_ID, DEPARTMENT_ID)
VALUES(EMPLOYEES1_SEQ.NEXTVAL, 'David', 'Bernstein', 'DBERNSTE', '011.44.1344.345268', TO_DATE('2005-03-24', 'YYYY-MM-DD'), 'SA_REP',  9500, 0.25, 145, 80);

INSERT INTO EMPLOYEES1(EMPLOYEE_ID, FIRST_NAME, LAST_NAME, EMAIL, PHONE_NUMBER,HIRE_DATE, JOB_ID, SALARY, COMMISSION_PCT, MANAGER_ID, DEPARTMENT_ID)
VALUES(EMPLOYEES1_SEQ.NEXTVAL, 'Peter', 'Hall', 'PHALL', '011.44.1344.478968', TO_DATE('2005-08-20', 'YYYY-MM-DD'), 'SA_REP',  9000, 0.25, 145, 80);

INSERT INTO EMPLOYEES1(EMPLOYEE_ID, FIRST_NAME, LAST_NAME, EMAIL, PHONE_NUMBER,HIRE_DATE, JOB_ID, SALARY, COMMISSION_PCT, MANAGER_ID, DEPARTMENT_ID)
VALUES(EMPLOYEES1_SEQ.NEXTVAL, 'Christopher', 'Olsen', 'COLSEN', '011.44.1344.498718', TO_DATE('2006-03-30', 'YYYY-MM-DD'), 'SA_REP',  8000, 0.2, 145, 80);

INSERT INTO EMPLOYEES1(EMPLOYEE_ID, FIRST_NAME, LAST_NAME, EMAIL, PHONE_NUMBER,HIRE_DATE, JOB_ID, SALARY, COMMISSION_PCT, MANAGER_ID, DEPARTMENT_ID)
VALUES(EMPLOYEES1_SEQ.NEXTVAL, 'Nanette', 'Cambrault', 'NCAMBRAU', '011.44.1344.987668', TO_DATE('2006-12-09', 'YYYY-MM-DD'), 'SA_REP',  7500, 0.2, 145, 80);

INSERT INTO EMPLOYEES1(EMPLOYEE_ID, FIRST_NAME, LAST_NAME, EMAIL, PHONE_NUMBER,HIRE_DATE, JOB_ID, SALARY, COMMISSION_PCT, MANAGER_ID, DEPARTMENT_ID)
VALUES(EMPLOYEES1_SEQ.NEXTVAL, 'Oliver', 'Tuvault', 'OTUVAULT', '011.44.1344.486508', TO_DATE('2007-11-23', 'YYYY-MM-DD'), 'SA_REP',  7000, 0.15, 145, 80);

INSERT INTO EMPLOYEES1(EMPLOYEE_ID, FIRST_NAME, LAST_NAME, EMAIL, PHONE_NUMBER,HIRE_DATE, JOB_ID, SALARY, COMMISSION_PCT, MANAGER_ID, DEPARTMENT_ID)
VALUES(EMPLOYEES1_SEQ.NEXTVAL, 'Janette', 'King', 'JKING', '011.44.1345.429268', TO_DATE('2004-01-30', 'YYYY-MM-DD'), 'SA_REP',  10000, 0.35, 146, 80);

INSERT INTO EMPLOYEES1(EMPLOYEE_ID, FIRST_NAME, LAST_NAME, EMAIL, PHONE_NUMBER,HIRE_DATE, JOB_ID, SALARY, COMMISSION_PCT, MANAGER_ID, DEPARTMENT_ID)
VALUES(EMPLOYEES1_SEQ.NEXTVAL, 'Patrick', 'Sully', 'PSULLY', '011.44.1345.929268', TO_DATE('2004-03-04', 'YYYY-MM-DD'), 'SA_REP',  9500, 0.35, 146, 80);

INSERT INTO EMPLOYEES1(EMPLOYEE_ID, FIRST_NAME, LAST_NAME, EMAIL, PHONE_NUMBER,HIRE_DATE, JOB_ID, SALARY, COMMISSION_PCT, MANAGER_ID, DEPARTMENT_ID)
VALUES(EMPLOYEES1_SEQ.NEXTVAL, 'Allan', 'McEwen', 'AMCEWEN', '011.44.1345.829268', TO_DATE('2004-08-01', 'YYYY-MM-DD'), 'SA_REP',  9000, 0.35, 146, 80);

INSERT INTO EMPLOYEES1(EMPLOYEE_ID, FIRST_NAME, LAST_NAME, EMAIL, PHONE_NUMBER,HIRE_DATE, JOB_ID, SALARY, COMMISSION_PCT, MANAGER_ID, DEPARTMENT_ID)
VALUES(EMPLOYEES1_SEQ.NEXTVAL, 'Lindsey', 'Smith', 'LSMITH', '011.44.1345.729268', TO_DATE('2005-03-10', 'YYYY-MM-DD'), 'SA_REP',  8000, 0.3, 146, 80);

INSERT INTO EMPLOYEES1(EMPLOYEE_ID, FIRST_NAME, LAST_NAME, EMAIL, PHONE_NUMBER,HIRE_DATE, JOB_ID, SALARY, COMMISSION_PCT, MANAGER_ID, DEPARTMENT_ID)
VALUES(EMPLOYEES1_SEQ.NEXTVAL, 'Louise', 'Doran', 'LDORAN', '011.44.1345.629268', TO_DATE('2005-12-15', 'YYYY-MM-DD'), 'SA_REP',  7500, 0.3, 146, 80);

INSERT INTO EMPLOYEES1(EMPLOYEE_ID, FIRST_NAME, LAST_NAME, EMAIL, PHONE_NUMBER,HIRE_DATE, JOB_ID, SALARY, COMMISSION_PCT, MANAGER_ID, DEPARTMENT_ID)
VALUES(EMPLOYEES1_SEQ.NEXTVAL, 'Sarath', 'Sewall', 'SSEWALL', '011.44.1345.529268', TO_DATE('2006-11-03', 'YYYY-MM-DD'), 'SA_REP',  7000, 0.25, 146, 80);

INSERT INTO EMPLOYEES1(EMPLOYEE_ID, FIRST_NAME, LAST_NAME, EMAIL, PHONE_NUMBER,HIRE_DATE, JOB_ID, SALARY, COMMISSION_PCT, MANAGER_ID, DEPARTMENT_ID)
VALUES(EMPLOYEES1_SEQ.NEXTVAL, 'Clara', 'Vishney', 'CVISHNEY', '011.44.1346.129268', TO_DATE('2005-11-11', 'YYYY-MM-DD'), 'SA_REP',  10500, 0.25, 147, 80);

INSERT INTO EMPLOYEES1(EMPLOYEE_ID, FIRST_NAME, LAST_NAME, EMAIL, PHONE_NUMBER,HIRE_DATE, JOB_ID, SALARY, COMMISSION_PCT, MANAGER_ID, DEPARTMENT_ID)
VALUES(EMPLOYEES1_SEQ.NEXTVAL, 'Danielle', 'Greene', 'DGREENE', '011.44.1346.229268', TO_DATE('2007-03-19', 'YYYY-MM-DD'), 'SA_REP',  9500, 0.15, 147, 80);

INSERT INTO EMPLOYEES1(EMPLOYEE_ID, FIRST_NAME, LAST_NAME, EMAIL, PHONE_NUMBER,HIRE_DATE, JOB_ID, SALARY, COMMISSION_PCT, MANAGER_ID, DEPARTMENT_ID)
VALUES(EMPLOYEES1_SEQ.NEXTVAL, 'Mattea', 'Marvins', 'MMARVINS', '011.44.1346.329268', TO_DATE('2008-01-24', 'YYYY-MM-DD'), 'SA_REP',  7200   , 0.1, 147, 80);

INSERT INTO EMPLOYEES1(EMPLOYEE_ID, FIRST_NAME, LAST_NAME, EMAIL, PHONE_NUMBER,HIRE_DATE, JOB_ID, SALARY, COMMISSION_PCT, MANAGER_ID, DEPARTMENT_ID)
VALUES(EMPLOYEES1_SEQ.NEXTVAL, 'David', 'Lee', 'DLEE', '011.44.1346.529268', TO_DATE('2008-02-23', 'YYYY-MM-DD'), 'SA_REP',  6800   , 0.1, 147, 80);

INSERT INTO EMPLOYEES1(EMPLOYEE_ID, FIRST_NAME, LAST_NAME, EMAIL, PHONE_NUMBER,HIRE_DATE, JOB_ID, SALARY, COMMISSION_PCT, MANAGER_ID, DEPARTMENT_ID)
VALUES(EMPLOYEES1_SEQ.NEXTVAL, 'Sundar', 'Ande', 'SANDE', '011.44.1346.629268', TO_DATE('2008-03-24', 'YYYY-MM-DD'), 'SA_REP',  6400, 0.1, 147, 80);

INSERT INTO EMPLOYEES1(EMPLOYEE_ID, FIRST_NAME, LAST_NAME, EMAIL, PHONE_NUMBER,HIRE_DATE, JOB_ID, SALARY, COMMISSION_PCT, MANAGER_ID, DEPARTMENT_ID)
VALUES(EMPLOYEES1_SEQ.NEXTVAL, 'Amit', 'Banda', 'ABANDA', '011.44.1346.729268', TO_DATE('2008-04-21', 'YYYY-MM-DD'), 'SA_REP',  6200, 0.1, 147, 80);

INSERT INTO EMPLOYEES1(EMPLOYEE_ID, FIRST_NAME, LAST_NAME, EMAIL, PHONE_NUMBER,HIRE_DATE, JOB_ID, SALARY, COMMISSION_PCT, MANAGER_ID, DEPARTMENT_ID)
VALUES(EMPLOYEES1_SEQ.NEXTVAL, 'Lisa', 'Ozer', 'LOZER', '011.44.1343.929268', TO_DATE('2005-03-11', 'YYYY-MM-DD'), 'SA_REP',  11500, 0.25, 148, 80);

INSERT INTO EMPLOYEES1(EMPLOYEE_ID, FIRST_NAME, LAST_NAME, EMAIL, PHONE_NUMBER, HIRE_DATE, JOB_ID, SALARY, COMMISSION_PCT, MANAGER_ID, DEPARTMENT_ID)
VALUES(EMPLOYEES1_SEQ.NEXTVAL, 'Harrison', 'Bloom', 'HBLOOM', '011.44.1343.829268', TO_DATE('2006-03-23', 'YYYY-MM-DD'), 'SA_REP', 10000, 0.2, 148, 80);

INSERT INTO EMPLOYEES1(EMPLOYEE_ID, FIRST_NAME, LAST_NAME, EMAIL, PHONE_NUMBER, HIRE_DATE, JOB_ID, SALARY, COMMISSION_PCT, MANAGER_ID, DEPARTMENT_ID)
VALUES(EMPLOYEES1_SEQ.NEXTVAL, 'Tayler', 'Fox', 'TFOX', '011.44.1343.729268', TO_DATE('2006-01-24', 'YYYY-MM-DD'), 'SA_REP', 9600, 0.2, 148, 80);

INSERT INTO EMPLOYEES1(EMPLOYEE_ID, FIRST_NAME, LAST_NAME, EMAIL, PHONE_NUMBER, HIRE_DATE, JOB_ID, SALARY, COMMISSION_PCT, MANAGER_ID, DEPARTMENT_ID)
VALUES(EMPLOYEES1_SEQ.NEXTVAL, 'William', 'Smith', 'WSMITH', '011.44.1343.629268', TO_DATE('2007-02-23', 'YYYY-MM-DD'), 'SA_REP', 7400, 0.15, 148, 80);

INSERT INTO EMPLOYEES1(EMPLOYEE_ID, FIRST_NAME, LAST_NAME, EMAIL, PHONE_NUMBER, HIRE_DATE, JOB_ID, SALARY, COMMISSION_PCT, MANAGER_ID, DEPARTMENT_ID)
VALUES(EMPLOYEES1_SEQ.NEXTVAL, 'Elizabeth', 'Bates', 'EBATES', '011.44.1343.529268', TO_DATE('2007-03-24', 'YYYY-MM-DD'), 'SA_REP', 7300, 0.15, 148, 80);

INSERT INTO EMPLOYEES1(EMPLOYEE_ID, FIRST_NAME, LAST_NAME, EMAIL, PHONE_NUMBER, HIRE_DATE, JOB_ID, SALARY, COMMISSION_PCT, MANAGER_ID, DEPARTMENT_ID)
VALUES(EMPLOYEES1_SEQ.NEXTVAL, 'Sundita', 'Kumar', 'SKUMAR', '011.44.1343.329268', TO_DATE('2008-04-21', 'YYYY-MM-DD'), 'SA_REP', 6100, 0.1, 148, 80);

INSERT INTO EMPLOYEES1(EMPLOYEE_ID, FIRST_NAME, LAST_NAME, EMAIL, PHONE_NUMBER, HIRE_DATE, JOB_ID, SALARY, COMMISSION_PCT, MANAGER_ID, DEPARTMENT_ID)
VALUES(EMPLOYEES1_SEQ.NEXTVAL, 'Ellen', 'Abel', 'CJOHNEABELSON', '011.44.1644.429267', TO_DATE('2004-05-11', 'YYYY-MM-DD'), 'SA_REP', 11000, 0.3, 149, 80);

INSERT INTO EMPLOYEES1(EMPLOYEE_ID, FIRST_NAME, LAST_NAME, EMAIL, PHONE_NUMBER, HIRE_DATE, JOB_ID, SALARY, COMMISSION_PCT, MANAGER_ID, DEPARTMENT_ID)
VALUES(EMPLOYEES1_SEQ.NEXTVAL, 'Alyssa', 'Hutton', 'AHUTTON', '011.44.1644.429266', TO_DATE('2005-03-19', 'YYYY-MM-DD'), 'SA_REP', 8800, 0.25, 149, 80);

INSERT INTO EMPLOYEES1(EMPLOYEE_ID, FIRST_NAME, LAST_NAME, EMAIL, PHONE_NUMBER, HIRE_DATE, JOB_ID, SALARY, COMMISSION_PCT, MANAGER_ID, DEPARTMENT_ID)
VALUES(EMPLOYEES1_SEQ.NEXTVAL, 'Jonathon', 'Taylor', 'JTAYLOR', '011.44.1644.429265', TO_DATE('2006-03-24', 'YYYY-MM-DD'), 'SA_REP', 8600, 0.2, 149, 80);

INSERT INTO EMPLOYEES1(EMPLOYEE_ID, FIRST_NAME, LAST_NAME, EMAIL, PHONE_NUMBER, HIRE_DATE, JOB_ID, SALARY, COMMISSION_PCT, MANAGER_ID, DEPARTMENT_ID)
VALUES(EMPLOYEES1_SEQ.NEXTVAL, 'Jack', 'Livingston', 'JLIVINGS', '011.44.1644.429264', TO_DATE('2006-04-23', 'YYYY-MM-DD'), 'SA_REP', 8400, 0.2, 149, 80);

INSERT INTO EMPLOYEES1(EMPLOYEE_ID, FIRST_NAME, LAST_NAME, EMAIL, PHONE_NUMBER, HIRE_DATE, JOB_ID, SALARY, COMMISSION_PCT, MANAGER_ID, DEPARTMENT_ID)
VALUES(EMPLOYEES1_SEQ.NEXTVAL, 'Kimberely', 'Grant', 'KGRANT', '011.44.1644.429263', TO_DATE('2007-05-24', 'YYYY-MM-DD'), 'SA_REP', 7000, 0.15, 149, NULL);

INSERT INTO EMPLOYEES1(EMPLOYEE_ID, FIRST_NAME, LAST_NAME, EMAIL, PHONE_NUMBER, HIRE_DATE, JOB_ID, SALARY, COMMISSION_PCT, MANAGER_ID, DEPARTMENT_ID)
VALUES(EMPLOYEES1_SEQ.NEXTVAL, 'Charles', 'Johnson', 'CJOHNSON', '011.44.1644.429262', TO_DATE('2008-01-04', 'YYYY-MM-DD'), 'SA_REP', 6200, 0.1, 149, 80);

INSERT INTO EMPLOYEES1(EMPLOYEE_ID, FIRST_NAME, LAST_NAME, EMAIL, PHONE_NUMBER, HIRE_DATE, JOB_ID, SALARY, COMMISSION_PCT, MANAGER_ID, DEPARTMENT_ID)
VALUES(EMPLOYEES1_SEQ.NEXTVAL, 'Winston', 'Taylor', 'WTAYLOR', '650.507.9876', TO_DATE('2006-01-24', 'YYYY-MM-DD'), 'SH_CLERK', 3200, NULL, 120, 50);

INSERT INTO EMPLOYEES1(EMPLOYEE_ID, FIRST_NAME, LAST_NAME, EMAIL, PHONE_NUMBER, HIRE_DATE, JOB_ID, SALARY, COMMISSION_PCT, MANAGER_ID, DEPARTMENT_ID)
VALUES(EMPLOYEES1_SEQ.NEXTVAL, 'Jean', 'Fleaur', 'JFLEAUR', '650.507.9877', TO_DATE('2006-02-23', 'YYYY-MM-DD'), 'SH_CLERK', 3100, NULL, 120, 50);

INSERT INTO EMPLOYEES1(EMPLOYEE_ID, FIRST_NAME, LAST_NAME, EMAIL, PHONE_NUMBER, HIRE_DATE, JOB_ID, SALARY, COMMISSION_PCT, MANAGER_ID, DEPARTMENT_ID)
VALUES(EMPLOYEES1_SEQ.NEXTVAL, 'Martha', 'Sullivan', 'MSULLIVA', '650.507.9878', TO_DATE('2007-06-21', 'YYYY-MM-DD'), 'SH_CLERK', 2500, NULL, 120, 50);

INSERT INTO EMPLOYEES1(EMPLOYEE_ID, FIRST_NAME, LAST_NAME, EMAIL, PHONE_NUMBER, HIRE_DATE, JOB_ID, SALARY, COMMISSION_PCT, MANAGER_ID, DEPARTMENT_ID)
VALUES(EMPLOYEES1_SEQ.NEXTVAL, 'Girard', 'Geoni', 'GGEONI', '650.507.9879', TO_DATE('2008-02-03', 'YYYY-MM-DD'), 'SH_CLERK', 2800, NULL, 120, 50);

INSERT INTO EMPLOYEES1(EMPLOYEE_ID, FIRST_NAME, LAST_NAME, EMAIL, PHONE_NUMBER, HIRE_DATE, JOB_ID, SALARY, COMMISSION_PCT, MANAGER_ID, DEPARTMENT_ID)
VALUES(EMPLOYEES1_SEQ.NEXTVAL, 'Nandita', 'Sarchand', 'NSARCHAN', '650.509.1876', TO_DATE('2004-01-27', 'YYYY-MM-DD'), 'SH_CLERK', 4200, NULL, 121, 50);

INSERT INTO EMPLOYEES1(EMPLOYEE_ID, FIRST_NAME, LAST_NAME, EMAIL, PHONE_NUMBER, HIRE_DATE, JOB_ID, SALARY, COMMISSION_PCT, MANAGER_ID, DEPARTMENT_ID)
VALUES(EMPLOYEES1_SEQ.NEXTVAL, 'Alexis', 'Bull', 'ABULL', '650.509.2876', TO_DATE('2005-02-20', 'YYYY-MM-DD'), 'SH_CLERK', 4100, NULL, 121, 50);

INSERT INTO EMPLOYEES1(EMPLOYEE_ID, FIRST_NAME, LAST_NAME, EMAIL, PHONE_NUMBER, HIRE_DATE, JOB_ID, SALARY, COMMISSION_PCT, MANAGER_ID, DEPARTMENT_ID)
VALUES(EMPLOYEES1_SEQ.NEXTVAL, 'Julia', 'Dellinger', 'JDELLING', '650.509.3876', TO_DATE('2006-06-24', 'YYYY-MM-DD'), 'SH_CLERK', 3400, NULL, 121, 50);

INSERT INTO EMPLOYEES1(EMPLOYEE_ID, FIRST_NAME, LAST_NAME, EMAIL, PHONE_NUMBER, HIRE_DATE, JOB_ID, SALARY, COMMISSION_PCT, MANAGER_ID, DEPARTMENT_ID)
VALUES(EMPLOYEES1_SEQ.NEXTVAL, 'Anthony', 'Cabrio', 'ACABRIO', '650.509.4876', TO_DATE('2007-02-07', 'YYYY-MM-DD'), 'SH_CLERK', 3000, NULL, 121, 50);

INSERT INTO EMPLOYEES1(EMPLOYEE_ID, FIRST_NAME, LAST_NAME, EMAIL, PHONE_NUMBER, HIRE_DATE, JOB_ID, SALARY, COMMISSION_PCT, MANAGER_ID, DEPARTMENT_ID)
VALUES(EMPLOYEES1_SEQ.NEXTVAL, 'Kelly', 'Chung', 'KCHUNG', '650.505.1876', TO_DATE('2005-06-14', 'YYYY-MM-DD'), 'SH_CLERK', 3800, NULL, 122, 50);

INSERT INTO EMPLOYEES1(EMPLOYEE_ID, FIRST_NAME, LAST_NAME, EMAIL, PHONE_NUMBER, HIRE_DATE, JOB_ID, SALARY, COMMISSION_PCT, MANAGER_ID, DEPARTMENT_ID)
VALUES(EMPLOYEES1_SEQ.NEXTVAL, 'Jennifer', 'Dilly', 'JDILLY', '650.505.2876', TO_DATE('2005-08-13', 'YYYY-MM-DD'), 'SH_CLERK', 3600, NULL, 122, 50);

INSERT INTO EMPLOYEES1(EMPLOYEE_ID, FIRST_NAME, LAST_NAME, EMAIL, PHONE_NUMBER, HIRE_DATE, JOB_ID, SALARY, COMMISSION_PCT, MANAGER_ID, DEPARTMENT_ID)
VALUES(EMPLOYEES1_SEQ.NEXTVAL, 'Timothy', 'Gates', 'TGATES', '650.505.3876', TO_DATE('2006-07-11', 'YYYY-MM-DD'), 'SH_CLERK', 2900, NULL, 122, 50);

INSERT INTO EMPLOYEES1(EMPLOYEE_ID, FIRST_NAME, LAST_NAME, EMAIL, PHONE_NUMBER, HIRE_DATE, JOB_ID, SALARY, COMMISSION_PCT, MANAGER_ID, DEPARTMENT_ID)
VALUES(EMPLOYEES1_SEQ.NEXTVAL, 'Randall', 'Perkins', 'RPERKINS', '650.505.4876', TO_DATE('2007-12-19', 'YYYY-MM-DD'), 'SH_CLERK', 2500, NULL, 122, 50);

INSERT INTO EMPLOYEES1(EMPLOYEE_ID, FIRST_NAME, LAST_NAME, EMAIL, PHONE_NUMBER, HIRE_DATE, JOB_ID, SALARY, COMMISSION_PCT, MANAGER_ID, DEPARTMENT_ID)
VALUES(EMPLOYEES1_SEQ.NEXTVAL, 'Sarah', 'Bell', 'SBELL', '650.501.1876', TO_DATE('2004-02-04', 'YYYY-MM-DD'), 'SH_CLERK', 4000, NULL, 123, 50);

INSERT INTO EMPLOYEES1(EMPLOYEE_ID, FIRST_NAME, LAST_NAME, EMAIL, PHONE_NUMBER, HIRE_DATE, JOB_ID, SALARY, COMMISSION_PCT, MANAGER_ID, DEPARTMENT_ID)
VALUES(EMPLOYEES1_SEQ.NEXTVAL, 'Britney', 'Everett', 'BEVERETT', '650.501.2876', TO_DATE('2005-03-03', 'YYYY-MM-DD'), 'SH_CLERK', 3900, NULL, 123, 50);

INSERT INTO EMPLOYEES1(EMPLOYEE_ID, FIRST_NAME, LAST_NAME, EMAIL, PHONE_NUMBER, HIRE_DATE, JOB_ID, SALARY, COMMISSION_PCT, MANAGER_ID, DEPARTMENT_ID)
VALUES(EMPLOYEES1_SEQ.NEXTVAL, 'Samuel', 'McCain', 'SMCCAIN', '650.501.3876', TO_DATE('2006-07-01', 'YYYY-MM-DD'), 'SH_CLERK', 3200, NULL, 123, 50);

INSERT INTO EMPLOYEES1(EMPLOYEE_ID, FIRST_NAME, LAST_NAME, EMAIL, PHONE_NUMBER, HIRE_DATE, JOB_ID, SALARY, COMMISSION_PCT, MANAGER_ID, DEPARTMENT_ID)
VALUES(EMPLOYEES1_SEQ.NEXTVAL, 'Vance', 'Jones', 'VJONES', '650.501.4876', TO_DATE('2007-03-17', 'YYYY-MM-DD'), 'SH_CLERK', 2800, NULL, 123, 50);

INSERT INTO EMPLOYEES1(EMPLOYEE_ID, FIRST_NAME, LAST_NAME, EMAIL, PHONE_NUMBER, HIRE_DATE, JOB_ID, SALARY, COMMISSION_PCT, MANAGER_ID, DEPARTMENT_ID)
VALUES(EMPLOYEES1_SEQ.NEXTVAL, 'Alana', 'Walsh', 'AWALSH', '650.507.9811', TO_DATE('2006-04-24', 'YYYY-MM-DD'), 'SH_CLERK', 3100, NULL, 123, 50);

INSERT INTO EMPLOYEES1(EMPLOYEE_ID, FIRST_NAME, LAST_NAME, EMAIL, PHONE_NUMBER, HIRE_DATE, JOB_ID, SALARY, COMMISSION_PCT, MANAGER_ID, DEPARTMENT_ID)
VALUES(EMPLOYEES1_SEQ.NEXTVAL, 'Kevin', 'Feeney', 'KFEENEY', '650.507.9822', TO_DATE('2006-05-23', 'YYYY-MM-DD'), 'SH_CLERK', 3000, NULL, 124, 50);

INSERT INTO EMPLOYEES1(EMPLOYEE_ID, FIRST_NAME, LAST_NAME, EMAIL, PHONE_NUMBER, HIRE_DATE, JOB_ID, SALARY, COMMISSION_PCT, MANAGER_ID, DEPARTMENT_ID)
VALUES(EMPLOYEES1_SEQ.NEXTVAL, 'Donald', 'OConnell', 'DOCONNEL', '650.507.9833', TO_DATE('2007-06-21', 'YYYY-MM-DD'), 'SH_CLERK', 2600, NULL, 124, 50);

INSERT INTO EMPLOYEES1(EMPLOYEE_ID, FIRST_NAME, LAST_NAME, EMAIL, PHONE_NUMBER, HIRE_DATE, JOB_ID, SALARY, COMMISSION_PCT, MANAGER_ID, DEPARTMENT_ID)
VALUES(EMPLOYEES1_SEQ.NEXTVAL, 'Douglas', 'Grant', 'DGRANT', '650.507.9844', TO_DATE('2008-01-13', 'YYYY-MM-DD'), 'SH_CLERK', 2600, NULL, 124, 50);

INSERT INTO EMPLOYEES1(EMPLOYEE_ID, FIRST_NAME, LAST_NAME, EMAIL, PHONE_NUMBER, HIRE_DATE, JOB_ID, SALARY, COMMISSION_PCT, MANAGER_ID, DEPARTMENT_ID)
VALUES(EMPLOYEES1_SEQ.NEXTVAL, 'Jennifer', 'Whalen', 'JWHALEN', '515.123.4444', TO_DATE('2003-09-17', 'YYYY-MM-DD'), 'AD_ASST', 4400, NULL, 101, 10);

INSERT INTO EMPLOYEES1(EMPLOYEE_ID, FIRST_NAME, LAST_NAME, EMAIL, PHONE_NUMBER, HIRE_DATE, JOB_ID, SALARY, COMMISSION_PCT, MANAGER_ID, DEPARTMENT_ID)
VALUES(EMPLOYEES1_SEQ.NEXTVAL, 'Michael', 'Hartstein', 'MHARTSTE', '515.123.5555', TO_DATE('2004-02-17', 'YYYY-MM-DD'), 'MK_MAN', 13000, NULL, 100, 20);

INSERT INTO EMPLOYEES1(EMPLOYEE_ID, FIRST_NAME, LAST_NAME, EMAIL, PHONE_NUMBER, HIRE_DATE, JOB_ID, SALARY, COMMISSION_PCT, MANAGER_ID, DEPARTMENT_ID)
VALUES(EMPLOYEES1_SEQ.NEXTVAL, 'Pat', 'Fay', 'PFAY', '603.123.6666', TO_DATE('2005-08-17', 'YYYY-MM-DD'), 'MK_REP', 6000, NULL, 201, 20);

INSERT INTO EMPLOYEES1(EMPLOYEE_ID, FIRST_NAME, LAST_NAME, EMAIL, PHONE_NUMBER, HIRE_DATE, JOB_ID, SALARY, COMMISSION_PCT, MANAGER_ID, DEPARTMENT_ID)
VALUES(EMPLOYEES1_SEQ.NEXTVAL, 'Susan', 'Mavris', 'SMAVRIS', '515.123.7777', TO_DATE('2002-06-07', 'YYYY-MM-DD'), 'HR_REP', 6500, NULL, 101, 40);

INSERT INTO EMPLOYEES1(EMPLOYEE_ID, FIRST_NAME, LAST_NAME, EMAIL, PHONE_NUMBER, HIRE_DATE, JOB_ID, SALARY, COMMISSION_PCT, MANAGER_ID, DEPARTMENT_ID)
VALUES(EMPLOYEES1_SEQ.NEXTVAL, 'Hermann', 'Baer', 'HBAER', '515.123.8888', TO_DATE('2002-06-07', 'YYYY-MM-DD'), 'PR_REP', 10000, NULL, 101, 70);

INSERT INTO EMPLOYEES1(EMPLOYEE_ID, FIRST_NAME, LAST_NAME, EMAIL, PHONE_NUMBER, HIRE_DATE, JOB_ID, SALARY, COMMISSION_PCT, MANAGER_ID, DEPARTMENT_ID)
VALUES(EMPLOYEES1_SEQ.NEXTVAL, 'Shelley', 'Higgins', 'SHIGGINS', '515.123.8080', TO_DATE('2002-06-07', 'YYYY-MM-DD'), 'AC_MGR', 12008, NULL, 101, 110);

INSERT INTO EMPLOYEES1(EMPLOYEE_ID, FIRST_NAME, LAST_NAME, EMAIL, PHONE_NUMBER, HIRE_DATE, JOB_ID, SALARY, COMMISSION_PCT, MANAGER_ID, DEPARTMENT_ID)
VALUES(EMPLOYEES1_SEQ.NEXTVAL, 'William', 'Gietz', 'WGIETZ', '515.123.8181', TO_DATE('2002-06-07', 'YYYY-MM-DD'), 'AC_ACCOUNT', 8300, NULL, 205, 110);

-- 제약 조건 추가
ALTER TABLE EMPLOYEES1
ADD ( CONSTRAINT EMP1_EMP_ID_PK PRIMARY KEY(EMPLOYEE_ID)
    , CONSTRAINT EMP1_JOB_FK FOREIGN KEY(JOB_ID)
                    REFERENCES JOBS1(JOB_ID)
    , CONSTRAINT EMP1_MANAGER_FK FOREIGN KEY(MANAGER_ID)
                    REFERENCES EMPLOYEES1(EMPLOYEE_ID) );
--==>> Table EMPLOYEES1이(가) 변경되었습니다.

-- FK 제약조건 추가
ALTER TABLE EMPLOYEES1
ADD CONSTRAINT EMP1_DEPT_FK FOREIGN KEY(DEPARTMENT_ID)
                 REFERENCES DEPARTMENTS1(DEPARTMENT_ID);
--==>> Table EMPLOYEES1이(가) 변경되었습니다.


-- FK 제약조건 추가
-- ※ 해당 제약조건은 상호 참조관계 제약조건이므로, 모든 데이터를 넣은 후 생성해주어야 한다
ALTER TABLE DEPARTMENTS1
ADD CONSTRAINT DEPT1_MGR_FK FOREIGN KEY(MANAGER_ID)
                 REFERENCES EMPLOYEES1(EMPLOYEE_ID);
--==>> Table DEPARTMENTS1이(가) 변경되었습니다.

-- 커밋
COMMIT;
--> 커밋 완료.


--------------------------------------------------------------------------------
-- ▼ JOB_HISTORY1 구성 --------------------------------------------------------

-- 원본 테이블 컬럼 조회
DESC JOB_HISTORY;

SELECT *
FROM VIEW_CONSTCHECK
WHERE TABLE_NAME = 'JOB_HISTORY';

-- 테이블 구성
CREATE TABLE JOB_HISTORY1
( EMPLOYEE_ID    NUMBER(6)           CONSTRAINT JHIST1_EMPLOYEE_NN NOT NULL            -- NOT NULL, PRIMARY KEY, FOREIGN KEY  
, START_DATE     DATE                CONSTRAINT JHIST1_START_DATE_NN  NOT NULL         -- NOT NULL, PRIMARY KEY, CHECK KEY
, END_DATE       DATE                CONSTRAINT JHIST1_END_DATE_NN NOT NULL            -- NOT NULL, CHECK KEY
, JOB_ID         VARCHAR2(10)        CONSTRAINT JHIST1_JOB_NN NOT NULL                 -- NOT NULL, FOREIGN KEY
, DEPARTMENT_ID  NUMBER(4)                                                             -- FOREIGN KEY               
, CONSTRAINT JHIST1_DATE_INTERVAL CHECK(END_DATE > START_DATE)                         -- 한 줄로 써도 되나?
);
-- Table JOB_HISTORY1이(가) 생성되었습니다.

-- 원본 데이터 조회
SELECT *
FROM JOB_HISTORY;

-- 인서트 문
INSERT INTO JOB_HISTORY1(EMPLOYEE_ID, START_DATE, END_DATE, JOB_ID, DEPARTMENT_ID)
VALUES(102, TO_DATE('2001-01-13', 'YYYY-MM-DD'), TO_DATE('2006-07-24', 'YYYY-MM-DD'), 'IT_PROG', 60);

INSERT INTO JOB_HISTORY1(EMPLOYEE_ID, START_DATE, END_DATE, JOB_ID, DEPARTMENT_ID)
VALUES(101, TO_DATE('1997-09-21', 'YYYY-MM-DD'), TO_DATE('2001-10-27', 'YYYY-MM-DD'), 'AC_ACCOUNT', 110);

INSERT INTO JOB_HISTORY1(EMPLOYEE_ID, START_DATE, END_DATE, JOB_ID, DEPARTMENT_ID)
VALUES(101, TO_DATE('2001-10-28', 'YYYY-MM-DD'), TO_DATE('2005-03-15', 'YYYY-MM-DD'), 'AC_MGR', 110);

INSERT INTO JOB_HISTORY1(EMPLOYEE_ID, START_DATE, END_DATE, JOB_ID, DEPARTMENT_ID)
VALUES(201, TO_DATE('2004-02-17', 'YYYY-MM-DD'), TO_DATE('2007-12-19', 'YYYY-MM-DD'), 'MK_REP', 20);

INSERT INTO JOB_HISTORY1(EMPLOYEE_ID, START_DATE, END_DATE, JOB_ID, DEPARTMENT_ID)
VALUES(114, TO_DATE('2006-03-24', 'YYYY-MM-DD'), TO_DATE('2007-12-31', 'YYYY-MM-DD'), 'ST_CLERK', 50);

INSERT INTO JOB_HISTORY1(EMPLOYEE_ID, START_DATE, END_DATE, JOB_ID, DEPARTMENT_ID)
VALUES(122, TO_DATE('2007-01-01', 'YYYY-MM-DD'), TO_DATE('2007-12-31', 'YYYY-MM-DD'), 'ST_CLERK', 50);

INSERT INTO JOB_HISTORY1(EMPLOYEE_ID, START_DATE, END_DATE, JOB_ID, DEPARTMENT_ID)
VALUES(200, TO_DATE('1995-09-17', 'YYYY-MM-DD'), TO_DATE('2001-06-17', 'YYYY-MM-DD'), 'AD_ASST', 90);

INSERT INTO JOB_HISTORY1(EMPLOYEE_ID, START_DATE, END_DATE, JOB_ID, DEPARTMENT_ID)
VALUES(176, TO_DATE('2006-03-24', 'YYYY-MM-DD'), TO_DATE('2006-12-31', 'YYYY-MM-DD'), 'SA_REP', 80);

INSERT INTO JOB_HISTORY1(EMPLOYEE_ID, START_DATE, END_DATE, JOB_ID, DEPARTMENT_ID)
VALUES(176, TO_DATE('2007-01-01', 'YYYY-MM-DD'), TO_DATE('2007-12-31', 'YYYY-MM-DD'), 'SA_MAN', 80);

INSERT INTO JOB_HISTORY1(EMPLOYEE_ID, START_DATE, END_DATE, JOB_ID, DEPARTMENT_ID)
VALUES(200, TO_DATE('2002-07-01', 'YYYY-MM-DD'), TO_DATE('2006-12-31', 'YYYY-MM-DD'), 'AC_ACCOUNT', 90);

-- 제약 조건 추가
ALTER TABLE JOB_HISTORY1
ADD CONSTRAINT JHIST1_EMP_ID_ST_DATE_PK PRIMARY KEY(EMPLOYEE_ID, START_DATE);
--==>> Table JOB_HISTORY1이(가) 변경되었습니다.

ALTER TABLE JOB_HISTORY1
ADD ( CONSTRAINT JHIST1_JOB_FK FOREIGN KEY(JOB_ID)
                    REFERENCES JOBS1(JOB_ID)
    , CONSTRAINT JHIST1_EMP_FK FOREIGN KEY(EMPLOYEE_ID)
                    REFERENCES EMPLOYEES1(EMPLOYEE_ID) );
--==>> Table JOB_HISTORY1이(가) 변경되었습니다.

ALTER TABLE JOB_HISTORY1
ADD CONSTRAINT JHIST1_DEPT_FK FOREIGN KEY(DEPARTMENT_ID)
                    REFERENCES DEPARTMENTS1(DEPARTMENT_ID);
--==>> Table JOB_HISTORY1이(가) 변경되었습니다.


--------------------------------------------------------------------------------
-- ▼ 각 테이블 COMMENTS 구성 --------------------------------------------------
SELECT *
FROM USER_TAB_COMMENTS;

SELECT *
FROM USER_COL_COMMENTS;

-- JOBS1 COMMENTS
COMMENT ON COLUMN JOBS1.JOB_ID IS 'Primary key of jobs table.';
COMMENT ON COLUMN JOBS1.JOB_TITLE IS 'A not null column that shows job title, e.g. AD_VP, FI_ACCOUNTANT';
COMMENT ON COLUMN JOBS1.MIN_SALARY IS 'Minimum salary for a job title.';
COMMENT ON COLUMN JOBS1.MAX_SALARY IS 'Maximum salary for a job title';
COMMENT ON TABLE JOBS1 IS 'jobs table with job titles and salary ranges. Contains 19 rows.
References with employees and job_history table.';


-- COUNTRIES1 COMMENTS
COMMENT ON COLUMN COUNTRIES1.COUNTRY_ID IS 'Primary key of countries table.';
COMMENT ON COLUMN COUNTRIES1.COUNTRY_NAME IS 'Country name';
COMMENT ON COLUMN COUNTRIES1.REGION_ID IS 'Region ID for the country. Foreign key to region_id column in the departments table.';
COMMENT ON TABLE COUNTRIES1 IS 'country table. Contains 25 rows. References with locations table.';


-- LOCATIONS1 COMMENTS
COMMENT ON COLUMN LOCATIONS1.LOCATION_ID IS 'Primary key of locations table';
COMMENT ON COLUMN LOCATIONS1.STREET_ADDRESS IS 'Street address of an office, warehouse, or production site of a company.
Contains building number and street name';
COMMENT ON COLUMN LOCATIONS1.POSTAL_CODE IS 'Postal code of the location of an office, warehouse, or production site of a company. ';
COMMENT ON COLUMN LOCATIONS1.CITY IS 'A not null column that shows city where an office, warehouse, or production site of a company is located. ';
COMMENT ON COLUMN LOCATIONS1.STATE_PROVINCE IS 'State or Province where an office, warehouse, or production site of a company is located.';
COMMENT ON COLUMN LOCATIONS1.COUNTRY_ID IS 'Country where an office, warehouse, or production site of a company is located. 
Foreign key to country_id column of the countries table.';
COMMENT ON TABLE LOCATIONS1 IS 'Locations table that contains specific address of a specific office, warehouse, and/or production site of a company. 
Does not store addresses / locations of customers. Contains 23 rows; references with the departments and countries tables. ';


-- DEAPRATMENTS1 COMMENTS
COMMENT ON COLUMN DEPARTMENTS1.DEPARTMENT_ID IS 'Primary key column of departments table.';
COMMENT ON COLUMN DEPARTMENTS1.DEPARTMENT_NAME IS 'A not null column that shows name of a department. 
Administration, Marketing, Purchasing, Human Resources, Shipping, IT, Executive, Public Relations, Sales, Finance, and Accounting. ';
COMMENT ON COLUMN DEPARTMENTS1.MANAGER_ID IS 'Manager_id of a department. Foreign key to employee_id column of employees table. 
The manager_id column of the employee table references this column.';
COMMENT ON COLUMN DEPARTMENTS1.LOCATION_ID IS 'Location id where a department is located. 
Foreign key to location_id column of locations table.';
COMMENT ON TABLE DEPARTMENTS1 IS 'Departments table that shows details of departments where employees work. 
Contains 27 rows; references with locations, employees, and job_history tables.';


-- EMPLOYEES1 COMMENTS
COMMENT ON COLUMN EMPLOYEES1.EMPLOYEE_ID IS 'Primary key of employees table.';
COMMENT ON COLUMN EMPLOYEES1.FIRST_NAME IS 'First name of the employee. A not null column.';
COMMENT ON COLUMN EMPLOYEES1.LAST_NAME IS 'Last name of the employee. A not null column.';
COMMENT ON COLUMN EMPLOYEES1.EMAIL IS 'Email id of the employee';
COMMENT ON COLUMN EMPLOYEES1.PHONE_NUMBER IS 'Phone number of the employee; includes country code and area code';
COMMENT ON COLUMN EMPLOYEES1.HIRE_DATE IS 'Date when the employee started on this job. A not null column.';
COMMENT ON COLUMN EMPLOYEES1.JOB_ID IS 'Current job of the employee; foreign key to job_id column of the jobs table. A not null column.';
COMMENT ON COLUMN EMPLOYEES1.SALARY IS 'Monthly salary of the employee. Must be greater than zero (enforced by constraint emp_salary_min)';
COMMENT ON COLUMN EMPLOYEES1.COMMISSION_PCT IS 'Commission percentage of the employee; Only employees in sales department elgible for commission percentage';
COMMENT ON COLUMN EMPLOYEES1.MANAGER_ID IS 'Manager id of the employee; has same domain as manager_id in departments table. 
Foreign key to employee_id column of employees table. (useful for reflexive joins and CONNECT BY query)';
COMMENT ON COLUMN EMPLOYEES1.DEPARTMENT_ID IS 'Department id where employee works; foreign key to department_id column of the departments table';
COMMENT ON TABLE EMPLOYEES1 IS 'employees table. Contains 107 rows. References with departments, jobs, job_history tables. Contains a self reference.';


-- JOB_HISTORY1 COMMENTS
COMMENT ON COLUMN JOB_HISTORY1.EMPLOYEE_ID IS 'A not null column in the complex primary key employee_id+start_date. Foreign key to employee_id column of the employee table';
COMMENT ON COLUMN JOB_HISTORY1.START_DATE IS 'A not null column in the complex primary key employee_id+start_date.
Must be less than the end_date of the job_history table. (enforced by constraint jhist_date_interval)';
COMMENT ON COLUMN JOB_HISTORY1.END_DATE IS 'Last day of the employee in this job role. 
A not null column. Must be greater than the start_date of the job_history table. (enforced by constraint jhist_date_interval)';
COMMENT ON COLUMN JOB_HISTORY1.JOB_ID IS 'Job role in which the employee worked in the past; 
foreign key to job_id column in the jobs table. A not null column.';
COMMENT ON COLUMN JOB_HISTORY1.DEPARTMENT_ID IS 'Department id in which the employee worked in the past; foreign key to deparment_id column in the departments table';
COMMENT ON TABLE JOB_HISTORY1 IS 'Table that stores job history of the employees. 
If an employee changes departments within the job or changes jobs within the department,
new rows get inserted into this table with old job information of the employee. 
Contains a complex primary key: employee_id+start_date.
Contains 25 rows. References with jobs, employees, and departments tables.';


--------------------------------------------------------------------------------


-- 가장 문제가 되었던 제약조건
--ALTER TABLE DEPARTMENTS1
--ADD CONSTRAINT DEPT1_MGR_FK FOREIGN KEY(MANAGER_ID)
--                 REFERENCES EMPLOYEES1(EMPLOYEE_ID);
--==>>
/*
DEPARTMENTS 테이블과 EMPLOYEES 테이블을 만들 때
참조관계를 설정하다보니 서로가 서로를 상호참조하게 되는 상황이 만들어졌고
서로가 서로의 부모테이블이 되어 먼저 생성해야할 테이블을 정할 수 없게 되는 상황이 됨
그래서 DEPARTMENTS 테이블의 FK 제약조건 부여를 테이블 생성 이후로 미루어 해당 문제를 해결(?)
*/

-- 제약조건 비활성화(일시정지)
--ALTER TABLE 테이블명
--DISABLE CONSTRAINT CONSTRAINT명;

-- 제약조건 활성화(일시정지 해제)
--ALTER TABLE 테이블명
--ENABLE CONSTRAINT CONSTRAINT명;



-- 테이블, 제약조건, 시퀀스 삭제문
--ALTER TABLE 테이블명 DROP CONSTRAINT 제약조건명;
--DROP TABLE 테이블명 PURGE;
--DROP SEQUENCE 시퀀스명;